assetId,filePath,sourcePath,sourceAliases,family,useCase,project,categories,title,alt,caption,order,role,confidence,flags,rightsStatus,uploadEligible,heroEligible,possibleDuplicateAssetIds,format,width,height,byteSize,capturedAt,hasExif
sha256:1947f39dc5a9eea68ffde47c3d26fa7b512fe9ef6f28c0fd0249ac33b60b24a3,sanity/gallery/source/cabins/retail-event-kiosk/bailey-cooper-uk-kiosks/bailey-cooper-uk-kiosks-001.jpg,Kabin/cf8d0bcc44e8c943a1fdf597f480da32.jpg,,cabins,retail-event-kiosk,bailey-cooper-uk-kiosks,,Commercial retail kiosk cabin view 1,Commercial modular retail kiosk unit installed in a public outdoor precinct.,Source photo carries third-party provenance (Bailey Cooper / UK Kiosks); rights review required before public use.,1,hero,low,people-or-privacy,review-required,false,true,,jpeg,900,602,95922,,false
sha256:88baafa734b65101f967c887249f37fdbbad7959bd45b94993155ef6ebe898ca,sanity/gallery/source/cabins/retail-event-kiosk/bailey-cooper-uk-kiosks/bailey-cooper-uk-kiosks-002.jpg,Kabin/kiosks-smoking-shelters.jpg,,cabins,retail-event-kiosk,bailey-cooper-uk-kiosks,,Commercial retail kiosk cabin view 2,Commercial modular retail kiosk unit installed in a public outdoor precinct.,Source photo carries third-party provenance (Bailey Cooper / UK Kiosks); rights review required before public use.,2,alternate-exterior,low,people-or-privacy,review-required,false,true,,jpeg,1024,768,127053,,false
sha256:6e832c02e5aa6e55a5426d314f40f3ddf3e49a88df6d779408d53717bb41a20d,sanity/gallery/source/cabins/retail-event-kiosk/bailey-cooper-uk-kiosks/bailey-cooper-uk-kiosks-003.jpg,Kabin/modular-kiosk-price.jpg,,cabins,retail-event-kiosk,bailey-cooper-uk-kiosks,,Commercial retail kiosk cabin view 3,Commercial modular retail kiosk unit installed in a public outdoor precinct.,Source photo carries third-party provenance (Bailey Cooper / UK Kiosks); rights review required before public use.,3,alternate-exterior,low,people-or-privacy,review-required,false,true,,jpeg,1200,800,213844,,true
sha256:1a55dc8493a1d5714095e916712f45a1d7ea58ab60e442e4fb89d13ede33e2b4,sanity/gallery/source/cabins/retail-event-kiosk/bordeaux/bordeaux-001.jpg,Kabin/bordeaux-00.jpg,,cabins,retail-event-kiosk,bordeaux,,FC Girondins de Bordeaux retail kiosk front view,Exterior view of the branded FC Girondins de Bordeaux ticket and merchandise kiosk cabin outside the stadium.,,1,hero,high,people-or-privacy|possible-duplicate,review-required,false,true,sha256:4f17fd18283bc2dc3647ef030afa8074a2a30349bf99f3679d15bb3ca0478ab1|sha256:dac4a87131fbcdb1c8ab94ac75aa920e44e18c6210d7d7a20f8c467f96643a21|sha256:f27b667d4c3f927b2def9ad7eadb358e73477af9a4bbeac44182517f7da3fce5,jpeg,1200,800,219014,,true
sha256:4f17fd18283bc2dc3647ef030afa8074a2a30349bf99f3679d15bb3ca0478ab1,sanity/gallery/source/cabins/retail-event-kiosk/bordeaux/bordeaux-002.jpg,Kabin/bordeaux-01.jpg,,cabins,retail-event-kiosk,bordeaux,,FC Girondins de Bordeaux retail kiosk view 2,Exterior view of the branded FC Girondins de Bordeaux ticket and merchandise kiosk cabin outside the stadium.,,2,alternate-exterior,high,people-or-privacy|possible-duplicate,review-required,false,true,sha256:1a55dc8493a1d5714095e916712f45a1d7ea58ab60e442e4fb89d13ede33e2b4|sha256:dac4a87131fbcdb1c8ab94ac75aa920e44e18c6210d7d7a20f8c467f96643a21|sha256:f27b667d4c3f927b2def9ad7eadb358e73477af9a4bbeac44182517f7da3fce5,jpeg,1200,800,226894,,true
sha256:f27b667d4c3f927b2def9ad7eadb358e73477af9a4bbeac44182517f7da3fce5,sanity/gallery/source/cabins/retail-event-kiosk/bordeaux/bordeaux-003.jpg,Kabin/bordeaux-02.jpg,,cabins,retail-event-kiosk,bordeaux,,FC Girondins de Bordeaux retail kiosk view 3,Exterior view of the branded FC Girondins de Bordeaux ticket and merchandise kiosk cabin outside the stadium.,,3,alternate-exterior,high,people-or-privacy|possible-duplicate,review-required,false,true,sha256:1a55dc8493a1d5714095e916712f45a1d7ea58ab60e442e4fb89d13ede33e2b4|sha256:4f17fd18283bc2dc3647ef030afa8074a2a30349bf99f3679d15bb3ca0478ab1|sha256:dac4a87131fbcdb1c8ab94ac75aa920e44e18c6210d7d7a20f8c467f96643a21,jpeg,1200,800,206636,,true
sha256:dac4a87131fbcdb1c8ab94ac75aa920e44e18c6210d7d7a20f8c467f96643a21,sanity/gallery/source/cabins/retail-event-kiosk/bordeaux/bordeaux-004.jpg,Kabin/bordeaux-03.jpg,,cabins,retail-event-kiosk,bordeaux,,FC Girondins de Bordeaux retail kiosk view 4,Exterior view of the branded FC Girondins de Bordeaux ticket and merchandise kiosk cabin outside the stadium.,,4,alternate-exterior,high,people-or-privacy|possible-duplicate,review-required,false,true,sha256:1a55dc8493a1d5714095e916712f45a1d7ea58ab60e442e4fb89d13ede33e2b4|sha256:4f17fd18283bc2dc3647ef030afa8074a2a30349bf99f3679d15bb3ca0478ab1|sha256:f27b667d4c3f927b2def9ad7eadb358e73477af9a4bbeac44182517f7da3fce5,jpeg,1200,800,196428,,true
sha256:210c51b373eced31f01b2c129d70d2123c0b0fda921af0df7fab8c1c05ba6975,sanity/gallery/source/cabins/retail-event-kiosk/camp-nou/camp-nou-001.jpg,Kabin/camp-nou-stor-magaza-karmod-kabin.jpg,Kabin/kioscos.jpg,cabins,retail-event-kiosk,camp-nou,,FC Barcelona official store kiosk at Camp Nou,Exterior shot of the FC Barcelona official store retail kiosk cabin at Camp Nou stadium.,,1,hero,high,people-or-privacy,review-required,false,true,,jpeg,1200,800,410111,,true
sha256:a6efc14dffd3623c4ea471e7232c141564a8ed875127aad0efa3c613002d9e26,sanity/gallery/source/cabins/retail-event-kiosk/firintas-balikesir-belediyesi/firintas-balikesir-belediyesi-001.jpg,215x265 - Metro City Kabin - Fırıntaş Balıkesir Belediyesi/215x265 - Metro City Kabin - Fırıntaş Balıkesir Belediyesi 1-14.jpg,,cabins,retail-event-kiosk,firintas-balikesir-belediyesi,,Timber-effect Metro City sales kiosk,"Metro City kiosk clad in timber-effect panels with a glazed display window and bakery shelving, sited on a town pavement.","First-party photography: supplied from the company project archive by its owner for publication, and not part of the third-party kiosk batch this use case otherwise holds.",1,hero,high,portrait,cleared,true,false,,jpeg,2259,2560,1433373,2025-08-13T10:02:01,true
sha256:ea92920108e1799cfe2d01e4823250aaa6ac1a0cbd00eb0c62d9d4b3c52fbe7b,sanity/gallery/source/cabins/retail-event-kiosk/manchester-united/manchester-united-001.jpg,Kabin/manchester-united-store-satis-magazasi-karmod-kabin.jpg,,cabins,retail-event-kiosk,manchester-united,,United Review programme kiosks at Old Trafford,"Two red United Review programme kiosks in the entrance concourse at Old Trafford, beneath Manchester United signage.",,1,hero,high,people-or-privacy,cleared,true,true,,jpeg,1200,800,416219,,true
sha256:1e30f6708b04f2d45bcb94439f6fcee7f1917d0c90afe946650cd5d361b59353,sanity/gallery/source/cabins/retail-event-kiosk/manchester-united/manchester-united-002.jpg,Kabin/IMG_0188.JPEG,,cabins,retail-event-kiosk,manchester-united,,Black programme kiosk at Old Trafford,"Black GRP Manchester United programme kiosk on the approach to Old Trafford, with a club billboard behind it.",,2,alternate-exterior,medium,gps-metadata|people-or-privacy|possible-duplicate,cleared,true,true,sha256:0f112d44fc34ced099f2674e1fc464267269f924706bb0db5b5e9ff32dda05d4|sha256:0fc14691c4841c4691d64964292941fda6157d710ca3c239707aaeffa379c267|sha256:3f7646e0b0c7bcc779c4ebbb11575689154aa6f1cce382a030a8ec9f9edf4294|sha256:684855ea1b3611c1cf84d71dcc31aea89edb7436ebbdb113004fae07fec9e252|sha256:939d01cc68f43f2247bce04db2ed5d80886e8e41cd709fd83b340a4ea400ee54|sha256:93bd1c0d98fbdb7cc276112ec917724cdab2c287f87e5294515cdcea6b524f5b|sha256:9b570a0108faaee12b612da6035cf49daa24e518679b1fd639c2a100e36d64fe|sha256:a0f43a402564567183aea181022a1de406c720a4ab0aab193a848d86c37b215f|sha256:b3d0e062d0c9acd80edc4b9117eb13abfffc4cfbe9beade5c646ebd27038a228,jpeg,2048,1536,1091870,2023-07-11T20:16:00,true
sha256:a0f43a402564567183aea181022a1de406c720a4ab0aab193a848d86c37b215f,sanity/gallery/source/cabins/retail-event-kiosk/manchester-united/manchester-united-003.jpg,Kabin/IMG_0189.JPEG,,cabins,retail-event-kiosk,manchester-united,,Programme kiosk below the Old Trafford East Stand,Black Manchester United programme kiosk with the brick East Stand of Old Trafford rising behind it.,,3,alternate-exterior,medium,gps-metadata|people-or-privacy|possible-duplicate,cleared,true,true,sha256:0f112d44fc34ced099f2674e1fc464267269f924706bb0db5b5e9ff32dda05d4|sha256:0fc14691c4841c4691d64964292941fda6157d710ca3c239707aaeffa379c267|sha256:1e30f6708b04f2d45bcb94439f6fcee7f1917d0c90afe946650cd5d361b59353|sha256:3f7646e0b0c7bcc779c4ebbb11575689154aa6f1cce382a030a8ec9f9edf4294|sha256:684855ea1b3611c1cf84d71dcc31aea89edb7436ebbdb113004fae07fec9e252|sha256:939d01cc68f43f2247bce04db2ed5d80886e8e41cd709fd83b340a4ea400ee54|sha256:93bd1c0d98fbdb7cc276112ec917724cdab2c287f87e5294515cdcea6b524f5b|sha256:9b570a0108faaee12b612da6035cf49daa24e518679b1fd639c2a100e36d64fe|sha256:b3d0e062d0c9acd80edc4b9117eb13abfffc4cfbe9beade5c646ebd27038a228,jpeg,2048,1536,814701,2023-07-11T20:16:25,true
sha256:0fc14691c4841c4691d64964292941fda6157d710ca3c239707aaeffa379c267,sanity/gallery/source/cabins/retail-event-kiosk/manchester-united/manchester-united-004.jpg,Kabin/IMG_0205.JPEG,,cabins,retail-event-kiosk,manchester-united,,Paired programme kiosks on the Old Trafford concourse,"Two black Manchester United programme kiosks under the stadium concourse canopy at Old Trafford, behind red crowd barriers.",,4,alternate-exterior,medium,gps-metadata|people-or-privacy|possible-duplicate,cleared,true,true,sha256:0f112d44fc34ced099f2674e1fc464267269f924706bb0db5b5e9ff32dda05d4|sha256:1e30f6708b04f2d45bcb94439f6fcee7f1917d0c90afe946650cd5d361b59353|sha256:3f7646e0b0c7bcc779c4ebbb11575689154aa6f1cce382a030a8ec9f9edf4294|sha256:684855ea1b3611c1cf84d71dcc31aea89edb7436ebbdb113004fae07fec9e252|sha256:939d01cc68f43f2247bce04db2ed5d80886e8e41cd709fd83b340a4ea400ee54|sha256:93bd1c0d98fbdb7cc276112ec917724cdab2c287f87e5294515cdcea6b524f5b|sha256:9b570a0108faaee12b612da6035cf49daa24e518679b1fd639c2a100e36d64fe|sha256:a0f43a402564567183aea181022a1de406c720a4ab0aab193a848d86c37b215f|sha256:b3d0e062d0c9acd80edc4b9117eb13abfffc4cfbe9beade5c646ebd27038a228,jpeg,2048,1536,1014768,2023-07-11T20:25:05,true
sha256:85da84fac03b7d092a51343625f149b5f6bfa1d53f11a436b268eb6a92610b4b,sanity/gallery/source/cabins/retail-event-kiosk/others/others-001.jpg,Kabin/02.jpg,,cabins,retail-event-kiosk,others,,Modular retail and event kiosk cabin 1,Exterior photograph of a modular retail and event kiosk cabin in an urban public environment.,,1,hero,medium,people-or-privacy,review-required,false,true,,jpeg,1200,800,155247,,true
sha256:cc4297bba8fc8054ee9b44426ef0786ae0dd4cbf654c0637e1c2fa6ca43b2b81,sanity/gallery/source/cabins/retail-event-kiosk/others/others-002.jpg,Kabin/04.jpg,,cabins,retail-event-kiosk,others,,Modular retail and event kiosk cabin 2,Exterior photograph of a modular retail and event kiosk cabin in an urban public environment.,,2,alternate-exterior,medium,people-or-privacy,review-required,false,true,,jpeg,1200,800,200980,,true
sha256:1bab84a3df16a047a51a0de85bd1b5f3c4f68b1d40037ba15056a8dd0d6a44ca,sanity/gallery/source/cabins/retail-event-kiosk/others/others-003.jpg,Kabin/06.jpg,,cabins,retail-event-kiosk,others,,Modular retail and event kiosk cabin 3,Exterior photograph of a modular retail and event kiosk cabin in an urban public environment.,,3,alternate-exterior,medium,people-or-privacy,review-required,false,true,,jpeg,1200,800,226260,,true
sha256:b05554bad761df0b98a76eec5f643ed128e8b7c6dd86707b4412eb42da08b1c4,sanity/gallery/source/cabins/retail-event-kiosk/others/others-004.jpg,Kabin/08.jpg,,cabins,retail-event-kiosk,others,,Modular retail and event kiosk cabin 4,Exterior photograph of a modular retail and event kiosk cabin in an urban public environment.,,4,alternate-exterior,medium,people-or-privacy,review-required,false,true,,jpeg,1200,800,221606,,true
sha256:b8718e4cbc9f68fd0c5d7d02110ec6e892605081fc988321916ba358c1ab153f,sanity/gallery/source/cabins/retail-event-kiosk/others/others-005.jpg,Kabin/09.jpg,,cabins,retail-event-kiosk,others,,Modular retail and event kiosk cabin 5,Exterior photograph of a modular retail and event kiosk cabin in an urban public environment.,,5,alternate-exterior,medium,people-or-privacy,review-required,false,true,,jpeg,1200,800,184192,,true
sha256:c96de8a66ee84cfbc16eb3d8e4a08925020ae6fc334d24417fbad228c1daf7b6,sanity/gallery/source/cabins/retail-event-kiosk/others/others-006.jpg,Kabin/10.jpg,,cabins,retail-event-kiosk,others,,Modular retail and event kiosk cabin 6,Exterior photograph of a modular retail and event kiosk cabin in an urban public environment.,,6,alternate-exterior,medium,people-or-privacy,review-required,false,true,,jpeg,1200,800,197256,,true
sha256:1890abb5f7dc30ca83ab9bf4952db32f5675cc6530510e85b0daa4c754f411ca,sanity/gallery/source/cabins/retail-event-kiosk/others/others-007.jpg,Kabin/11.jpg,,cabins,retail-event-kiosk,others,,Modular retail and event kiosk cabin 7,Exterior photograph of a modular retail and event kiosk cabin in an urban public environment.,,7,alternate-exterior,medium,people-or-privacy,review-required,false,true,,jpeg,1200,800,183566,,true
sha256:4c47640d0332c3078e9dd8a4a7632bd558ac7021b71bac49c8ce296f05d91249,sanity/gallery/source/cabins/retail-event-kiosk/others/others-008.jpg,Kabin/12.jpg,,cabins,retail-event-kiosk,others,,Modular retail and event kiosk cabin 8,Exterior photograph of a modular retail and event kiosk cabin in an urban public environment.,,8,alternate-exterior,medium,people-or-privacy,review-required,false,true,,jpeg,1200,800,213242,,true
sha256:79466ac16105d83196a94e8dad8da68039b03fd5df89a04317f4d89c95098f31,sanity/gallery/source/cabins/retail-event-kiosk/others/others-009.jpg,Kabin/13.jpg,,cabins,retail-event-kiosk,others,,Modular retail and event kiosk cabin 9,Exterior photograph of a modular retail and event kiosk cabin in an urban public environment.,,9,alternate-exterior,medium,people-or-privacy,review-required,false,true,,jpeg,1200,800,185689,,true
sha256:d1e0453afcd2cfd92cc0650eef814945b8863b520e251e49b167155687657b0b,sanity/gallery/source/cabins/retail-event-kiosk/others/others-010.jpg,Kabin/14.jpg,,cabins,retail-event-kiosk,others,,Modular retail and event kiosk cabin 10,Exterior photograph of a modular retail and event kiosk cabin in an urban public environment.,,10,alternate-exterior,medium,people-or-privacy,review-required,false,true,,jpeg,1200,800,192201,,true
sha256:4da7f58fb96cdd446ca8c371b187dc76b5f1c04de3166a12d575f1c40eff041b,sanity/gallery/source/cabins/retail-event-kiosk/others/others-011.jpg,Kabin/15.jpg,,cabins,retail-event-kiosk,others,,Modular retail and event kiosk cabin 11,Exterior photograph of a modular retail and event kiosk cabin in an urban public environment.,,11,alternate-exterior,medium,people-or-privacy,review-required,false,true,,jpeg,1200,800,202796,,true
sha256:e56812d890faaab56c1a1b7026ec92cc8967308e19d9f635e3fa192c3a23e415,sanity/gallery/source/cabins/retail-event-kiosk/others/others-012.jpg,Kabin/16.jpg,,cabins,retail-event-kiosk,others,,Modular retail and event kiosk cabin 12,Exterior photograph of a modular retail and event kiosk cabin in an urban public environment.,,12,alternate-exterior,medium,people-or-privacy,review-required,false,true,,jpeg,1200,800,215159,,true
sha256:17b1102c7700be4751bd9b99656f8d490a1bdf30a8d1935e89a78e9e93b4c694,sanity/gallery/source/cabins/retail-event-kiosk/others/others-013.jpg,Kabin/17.jpg,,cabins,retail-event-kiosk,others,,Modular retail and event kiosk cabin 13,Exterior photograph of a modular retail and event kiosk cabin in an urban public environment.,,13,alternate-exterior,medium,people-or-privacy,review-required,false,true,,jpeg,1200,800,157777,,true
sha256:3090d5d83e39d7caeb01820a7639c9358362497010983ba358a4f46f39aa1917,sanity/gallery/source/cabins/retail-event-kiosk/others/others-014.jpg,Kabin/18.jpg,,cabins,retail-event-kiosk,others,,Modular retail and event kiosk cabin 14,Exterior photograph of a modular retail and event kiosk cabin in an urban public environment.,,14,alternate-exterior,medium,people-or-privacy,review-required,false,true,,jpeg,1200,800,216199,,true
sha256:303d0e28e98df1bc34750d0b4361cb12404538be001a451ff7b5337c3feb0e1f,sanity/gallery/source/cabins/retail-event-kiosk/others/others-015.jpg,Kabin/19.jpg,,cabins,retail-event-kiosk,others,,Modular retail and event kiosk cabin 15,Exterior photograph of a modular retail and event kiosk cabin in an urban public environment.,,15,alternate-exterior,medium,people-or-privacy,review-required,false,true,,jpeg,1200,800,185309,,true
sha256:1c4b6d0e88f9d335b29a4adcacea39494f2966926f1916442677842c55f9d336,sanity/gallery/source/cabins/retail-event-kiosk/others/others-016.jpg,Kabin/21.jpg,,cabins,retail-event-kiosk,others,,GRP kiosk cabin on the production floor,"White GRP kiosk cabin with a full-width sliding service window, photographed inside the production facility before dispatch.",,16,alternate-exterior,medium,people-or-privacy,cleared,true,true,,jpeg,1200,800,188555,,true
sha256:f72a283cd98991228556ae18c580d87af3d8197771b5407b5032c8255e4a16d2,sanity/gallery/source/cabins/retail-event-kiosk/others/others-017.jpg,Kabin/22.jpg,,cabins,retail-event-kiosk,others,,Modular retail and event kiosk cabin 17,Exterior photograph of a modular retail and event kiosk cabin in an urban public environment.,,17,alternate-exterior,medium,people-or-privacy,review-required,false,true,,jpeg,1200,800,226453,,true
sha256:fe6edd8b37c2f2d16c15511b941823d4fb8c8c042ccb5557545b2de069e4b5e3,sanity/gallery/source/cabins/retail-event-kiosk/others/others-018.jpg,Kabin/23.jpg,,cabins,retail-event-kiosk,others,,GRP cabins in winter conditions,"Two white GRP cabins standing in snow at a roadside, with bare poplar trees behind them.",,18,alternate-exterior,medium,people-or-privacy,cleared,true,true,,jpeg,1200,800,342399,,true
sha256:7d9b2ebd502a374e8e69501195f1832ac89242987067a1a7fd25a63ef83afcbd,sanity/gallery/source/cabins/retail-event-kiosk/others/others-019.jpg,Kabin/24.jpg,,cabins,retail-event-kiosk,others,,Modular retail and event kiosk cabin 19,Exterior photograph of a modular retail and event kiosk cabin in an urban public environment.,,19,alternate-exterior,medium,people-or-privacy,review-required,false,true,,jpeg,1200,800,198951,,true
sha256:93bd1c0d98fbdb7cc276112ec917724cdab2c287f87e5294515cdcea6b524f5b,sanity/gallery/source/cabins/retail-event-kiosk/others/others-020.jpg,Kabin/IMG_0173.JPEG,,cabins,retail-event-kiosk,others,,Modular retail and event kiosk cabin 20,Exterior photograph of a modular retail and event kiosk cabin in an urban public environment.,,20,alternate-exterior,medium,gps-metadata|people-or-privacy|possible-duplicate,review-required,false,true,sha256:0f112d44fc34ced099f2674e1fc464267269f924706bb0db5b5e9ff32dda05d4|sha256:0fc14691c4841c4691d64964292941fda6157d710ca3c239707aaeffa379c267|sha256:1e30f6708b04f2d45bcb94439f6fcee7f1917d0c90afe946650cd5d361b59353|sha256:3f7646e0b0c7bcc779c4ebbb11575689154aa6f1cce382a030a8ec9f9edf4294|sha256:684855ea1b3611c1cf84d71dcc31aea89edb7436ebbdb113004fae07fec9e252|sha256:939d01cc68f43f2247bce04db2ed5d80886e8e41cd709fd83b340a4ea400ee54|sha256:9b570a0108faaee12b612da6035cf49daa24e518679b1fd639c2a100e36d64fe|sha256:a0f43a402564567183aea181022a1de406c720a4ab0aab193a848d86c37b215f|sha256:b3d0e062d0c9acd80edc4b9117eb13abfffc4cfbe9beade5c646ebd27038a228,jpeg,2048,1536,1031842,2023-07-11T19:26:14,true
sha256:b3d0e062d0c9acd80edc4b9117eb13abfffc4cfbe9beade5c646ebd27038a228,sanity/gallery/source/cabins/retail-event-kiosk/others/others-023.jpg,Kabin/IMG_0201.JPEG,,cabins,retail-event-kiosk,others,,Modular retail and event kiosk cabin 23,Exterior photograph of a modular retail and event kiosk cabin in an urban public environment.,,23,alternate-exterior,medium,gps-metadata|people-or-privacy|possible-duplicate,review-required,false,true,sha256:0f112d44fc34ced099f2674e1fc464267269f924706bb0db5b5e9ff32dda05d4|sha256:0fc14691c4841c4691d64964292941fda6157d710ca3c239707aaeffa379c267|sha256:1e30f6708b04f2d45bcb94439f6fcee7f1917d0c90afe946650cd5d361b59353|sha256:3f7646e0b0c7bcc779c4ebbb11575689154aa6f1cce382a030a8ec9f9edf4294|sha256:684855ea1b3611c1cf84d71dcc31aea89edb7436ebbdb113004fae07fec9e252|sha256:939d01cc68f43f2247bce04db2ed5d80886e8e41cd709fd83b340a4ea400ee54|sha256:93bd1c0d98fbdb7cc276112ec917724cdab2c287f87e5294515cdcea6b524f5b|sha256:9b570a0108faaee12b612da6035cf49daa24e518679b1fd639c2a100e36d64fe|sha256:a0f43a402564567183aea181022a1de406c720a4ab0aab193a848d86c37b215f,jpeg,2048,1536,949296,2023-07-11T20:24:24,true
sha256:0f112d44fc34ced099f2674e1fc464267269f924706bb0db5b5e9ff32dda05d4,sanity/gallery/source/cabins/retail-event-kiosk/others/others-024.jpg,Kabin/IMG_0202.JPEG,,cabins,retail-event-kiosk,others,,Modular retail and event kiosk cabin 24,Exterior photograph of a modular retail and event kiosk cabin in an urban public environment.,,24,alternate-exterior,medium,gps-metadata|people-or-privacy|possible-duplicate,review-required,false,true,sha256:0fc14691c4841c4691d64964292941fda6157d710ca3c239707aaeffa379c267|sha256:1e30f6708b04f2d45bcb94439f6fcee7f1917d0c90afe946650cd5d361b59353|sha256:3f7646e0b0c7bcc779c4ebbb11575689154aa6f1cce382a030a8ec9f9edf4294|sha256:684855ea1b3611c1cf84d71dcc31aea89edb7436ebbdb113004fae07fec9e252|sha256:939d01cc68f43f2247bce04db2ed5d80886e8e41cd709fd83b340a4ea400ee54|sha256:93bd1c0d98fbdb7cc276112ec917724cdab2c287f87e5294515cdcea6b524f5b|sha256:9b570a0108faaee12b612da6035cf49daa24e518679b1fd639c2a100e36d64fe|sha256:a0f43a402564567183aea181022a1de406c720a4ab0aab193a848d86c37b215f|sha256:b3d0e062d0c9acd80edc4b9117eb13abfffc4cfbe9beade5c646ebd27038a228,jpeg,2048,1536,1096796,2023-07-11T20:24:38,true
sha256:3f7646e0b0c7bcc779c4ebbb11575689154aa6f1cce382a030a8ec9f9edf4294,sanity/gallery/source/cabins/retail-event-kiosk/others/others-025.jpg,Kabin/IMG_0203.JPEG,,cabins,retail-event-kiosk,others,,Modular retail and event kiosk cabin 25,Exterior photograph of a modular retail and event kiosk cabin in an urban public environment.,,25,alternate-exterior,medium,gps-metadata|people-or-privacy|possible-duplicate,review-required,false,true,sha256:0f112d44fc34ced099f2674e1fc464267269f924706bb0db5b5e9ff32dda05d4|sha256:0fc14691c4841c4691d64964292941fda6157d710ca3c239707aaeffa379c267|sha256:1e30f6708b04f2d45bcb94439f6fcee7f1917d0c90afe946650cd5d361b59353|sha256:684855ea1b3611c1cf84d71dcc31aea89edb7436ebbdb113004fae07fec9e252|sha256:939d01cc68f43f2247bce04db2ed5d80886e8e41cd709fd83b340a4ea400ee54|sha256:93bd1c0d98fbdb7cc276112ec917724cdab2c287f87e5294515cdcea6b524f5b|sha256:9b570a0108faaee12b612da6035cf49daa24e518679b1fd639c2a100e36d64fe|sha256:a0f43a402564567183aea181022a1de406c720a4ab0aab193a848d86c37b215f|sha256:b3d0e062d0c9acd80edc4b9117eb13abfffc4cfbe9beade5c646ebd27038a228,jpeg,2048,1536,1069432,2023-07-11T20:24:49,true
sha256:684855ea1b3611c1cf84d71dcc31aea89edb7436ebbdb113004fae07fec9e252,sanity/gallery/source/cabins/retail-event-kiosk/others/others-026.jpg,Kabin/IMG_0204.JPEG,,cabins,retail-event-kiosk,others,,Modular retail and event kiosk cabin 26,Exterior photograph of a modular retail and event kiosk cabin in an urban public environment.,,26,alternate-exterior,medium,gps-metadata|people-or-privacy|possible-duplicate,review-required,false,true,sha256:0f112d44fc34ced099f2674e1fc464267269f924706bb0db5b5e9ff32dda05d4|sha256:0fc14691c4841c4691d64964292941fda6157d710ca3c239707aaeffa379c267|sha256:1e30f6708b04f2d45bcb94439f6fcee7f1917d0c90afe946650cd5d361b59353|sha256:3f7646e0b0c7bcc779c4ebbb11575689154aa6f1cce382a030a8ec9f9edf4294|sha256:939d01cc68f43f2247bce04db2ed5d80886e8e41cd709fd83b340a4ea400ee54|sha256:93bd1c0d98fbdb7cc276112ec917724cdab2c287f87e5294515cdcea6b524f5b|sha256:9b570a0108faaee12b612da6035cf49daa24e518679b1fd639c2a100e36d64fe|sha256:a0f43a402564567183aea181022a1de406c720a4ab0aab193a848d86c37b215f|sha256:b3d0e062d0c9acd80edc4b9117eb13abfffc4cfbe9beade5c646ebd27038a228,jpeg,2048,1536,1092142,2023-07-11T20:24:51,true
sha256:9b570a0108faaee12b612da6035cf49daa24e518679b1fd639c2a100e36d64fe,sanity/gallery/source/cabins/retail-event-kiosk/others/others-028.jpg,Kabin/IMG_0206.JPEG,,cabins,retail-event-kiosk,others,,Modular retail and event kiosk cabin 28,Exterior photograph of a modular retail and event kiosk cabin in an urban public environment.,,28,alternate-exterior,medium,gps-metadata|people-or-privacy|possible-duplicate,review-required,false,true,sha256:0f112d44fc34ced099f2674e1fc464267269f924706bb0db5b5e9ff32dda05d4|sha256:0fc14691c4841c4691d64964292941fda6157d710ca3c239707aaeffa379c267|sha256:1e30f6708b04f2d45bcb94439f6fcee7f1917d0c90afe946650cd5d361b59353|sha256:3f7646e0b0c7bcc779c4ebbb11575689154aa6f1cce382a030a8ec9f9edf4294|sha256:684855ea1b3611c1cf84d71dcc31aea89edb7436ebbdb113004fae07fec9e252|sha256:939d01cc68f43f2247bce04db2ed5d80886e8e41cd709fd83b340a4ea400ee54|sha256:93bd1c0d98fbdb7cc276112ec917724cdab2c287f87e5294515cdcea6b524f5b|sha256:a0f43a402564567183aea181022a1de406c720a4ab0aab193a848d86c37b215f|sha256:b3d0e062d0c9acd80edc4b9117eb13abfffc4cfbe9beade5c646ebd27038a228,jpeg,2048,1536,1011161,2023-07-11T20:25:09,true
sha256:939d01cc68f43f2247bce04db2ed5d80886e8e41cd709fd83b340a4ea400ee54,sanity/gallery/source/cabins/retail-event-kiosk/others/others-029.jpg,Kabin/IMG_0208.JPEG,,cabins,retail-event-kiosk,others,,Modular retail and event kiosk cabin 29,Exterior photograph of a modular retail and event kiosk cabin in an urban public environment.,,29,alternate-exterior,medium,gps-metadata|people-or-privacy|possible-duplicate,review-required,false,true,sha256:0f112d44fc34ced099f2674e1fc464267269f924706bb0db5b5e9ff32dda05d4|sha256:0fc14691c4841c4691d64964292941fda6157d710ca3c239707aaeffa379c267|sha256:1e30f6708b04f2d45bcb94439f6fcee7f1917d0c90afe946650cd5d361b59353|sha256:3f7646e0b0c7bcc779c4ebbb11575689154aa6f1cce382a030a8ec9f9edf4294|sha256:684855ea1b3611c1cf84d71dcc31aea89edb7436ebbdb113004fae07fec9e252|sha256:93bd1c0d98fbdb7cc276112ec917724cdab2c287f87e5294515cdcea6b524f5b|sha256:9b570a0108faaee12b612da6035cf49daa24e518679b1fd639c2a100e36d64fe|sha256:a0f43a402564567183aea181022a1de406c720a4ab0aab193a848d86c37b215f|sha256:b3d0e062d0c9acd80edc4b9117eb13abfffc4cfbe9beade5c646ebd27038a228,jpeg,2048,1536,820095,2023-07-11T20:25:40,true
sha256:234bb0d5029fd7a7d0a962fb0a3014ae7da48a9b113f6ec20d1e46afc4a0dd33,sanity/gallery/source/cabins/retail-event-kiosk/paris-saint-germain/paris-saint-germain-001.jpg,Kabin/paris-st-germain-store-satis-magazasi-karmod-kabin-00.jpg,,cabins,retail-event-kiosk,paris-saint-germain,,Paris Saint-Germain official merchandise store kiosk,Exterior view of the Paris Saint-Germain stadium retail kiosk cabin at Parc des Princes.,,1,hero,high,gps-metadata|people-or-privacy|possible-duplicate,review-required,false,true,sha256:4473f4155b79a9fda6baf18d80668e92758ab32ea9da7130cc3789dbf503ce62|sha256:72fea59bae1e14325d62dbe8dfbf31903be08fd399ee9613717c20a3c135f812|sha256:91199643a3bdf688c8dff101ca9063d431458d87e1cb7452eade35a67b45ffdf|sha256:9fb44b0a28a8efd3249ef60e635a91e728f6423fa16a5bcd8aba92d12c0b0d61,jpeg,3264,2448,2349410,2015-08-11T09:07:52,true
sha256:72fea59bae1e14325d62dbe8dfbf31903be08fd399ee9613717c20a3c135f812,sanity/gallery/source/cabins/retail-event-kiosk/paris-saint-germain/paris-saint-germain-002.jpg,Kabin/paris-st-germain-store-satis-magazasi-karmod-kabin-01.jpg,,cabins,retail-event-kiosk,paris-saint-germain,,Paris Saint-Germain store kiosk side angle,Alternative angle showing the PSG branded retail kiosk unit installed at the stadium.,,2,alternate-exterior,high,people-or-privacy|possible-duplicate,review-required,false,true,sha256:234bb0d5029fd7a7d0a962fb0a3014ae7da48a9b113f6ec20d1e46afc4a0dd33|sha256:4473f4155b79a9fda6baf18d80668e92758ab32ea9da7130cc3789dbf503ce62|sha256:91199643a3bdf688c8dff101ca9063d431458d87e1cb7452eade35a67b45ffdf|sha256:9fb44b0a28a8efd3249ef60e635a91e728f6423fa16a5bcd8aba92d12c0b0d61,jpeg,1200,800,235355,,true
sha256:91199643a3bdf688c8dff101ca9063d431458d87e1cb7452eade35a67b45ffdf,sanity/gallery/source/cabins/retail-event-kiosk/paris-saint-germain/paris-saint-germain-081.jpg,Kabin/Paris St Germain Loaded and heading to France_1.jpg,,cabins,retail-event-kiosk,paris-saint-germain,,Paris Saint-Germain kiosks loaded for transport,Flatbed truck loaded with wrapped PSG retail kiosks ready for transport to France.,,81,transport-loading,high,possible-duplicate,review-required,false,false,sha256:234bb0d5029fd7a7d0a962fb0a3014ae7da48a9b113f6ec20d1e46afc4a0dd33|sha256:4473f4155b79a9fda6baf18d80668e92758ab32ea9da7130cc3789dbf503ce62|sha256:72fea59bae1e14325d62dbe8dfbf31903be08fd399ee9613717c20a3c135f812|sha256:9fb44b0a28a8efd3249ef60e635a91e728f6423fa16a5bcd8aba92d12c0b0d61,jpeg,3264,2448,535676,,false
sha256:9fb44b0a28a8efd3249ef60e635a91e728f6423fa16a5bcd8aba92d12c0b0d61,sanity/gallery/source/cabins/retail-event-kiosk/paris-saint-germain/paris-saint-germain-082.jpg,Kabin/Paris St Germain Loaded and heading to France_2.jpg,,cabins,retail-event-kiosk,paris-saint-germain,,Paris Saint-Germain kiosks transport logistics,Side view of transport trailer carrying Paris Saint-Germain branded modular kiosk cabins.,,82,transport-loading,high,possible-duplicate,review-required,false,false,sha256:234bb0d5029fd7a7d0a962fb0a3014ae7da48a9b113f6ec20d1e46afc4a0dd33|sha256:4473f4155b79a9fda6baf18d80668e92758ab32ea9da7130cc3789dbf503ce62|sha256:72fea59bae1e14325d62dbe8dfbf31903be08fd399ee9613717c20a3c135f812|sha256:91199643a3bdf688c8dff101ca9063d431458d87e1cb7452eade35a67b45ffdf,jpeg,2968,1668,351793,,false
sha256:4473f4155b79a9fda6baf18d80668e92758ab32ea9da7130cc3789dbf503ce62,sanity/gallery/source/cabins/retail-event-kiosk/paris-saint-germain/paris-saint-germain-083.jpg,Kabin/Paris St Germain Loaded and heading to France_3.jpg,,cabins,retail-event-kiosk,paris-saint-germain,,Paris Saint-Germain kiosk loading departure,Rear angle of the haulage vehicle transporting PSG kiosks.,,83,transport-loading,high,possible-duplicate,review-required,false,false,sha256:234bb0d5029fd7a7d0a962fb0a3014ae7da48a9b113f6ec20d1e46afc4a0dd33|sha256:72fea59bae1e14325d62dbe8dfbf31903be08fd399ee9613717c20a3c135f812|sha256:91199643a3bdf688c8dff101ca9063d431458d87e1cb7452eade35a67b45ffdf|sha256:9fb44b0a28a8efd3249ef60e635a91e728f6423fa16a5bcd8aba92d12c0b0d61,jpeg,853,640,59143,,false
sha256:62c84fa49bfaef0e51671aba6ccf2aff4c685ec4b0caf79c0323d2bc21134a53,sanity/gallery/source/cabins/retail-event-kiosk/polyester-bufe/polyester-bufe-001.jpg,Kabin/polyester_ctp_kabin_bufe_marka (1).jpg,,cabins,retail-event-kiosk,polyester-bufe,,Modular buffet and sales kiosk cabin,Branded fiberglass polyester modular sales and refreshment kiosk cabin.,,1,hero,medium,overlay-or-watermark|possible-duplicate,review-required,false,false,sha256:cec271bd4ca28aba6687e56cc399688eee0e2c73f6057300313dd2ab7192eac3,jpeg,1087,723,384081,,false
sha256:cec271bd4ca28aba6687e56cc399688eee0e2c73f6057300313dd2ab7192eac3,sanity/gallery/source/cabins/retail-event-kiosk/polyester-bufe/polyester-bufe-002.png,Kabin/polyester_ctp_kabin_bufe_marka (1).png,,cabins,retail-event-kiosk,polyester-bufe,,Modular buffet kiosk illustration,Graphic illustration and render of a modular retail buffet kiosk cabin.,,2,secondary,medium,low-resolution|overlay-or-watermark|portrait|possible-duplicate,review-required,false,false,sha256:62c84fa49bfaef0e51671aba6ccf2aff4c685ec4b0caf79c0323d2bc21134a53,png,620,625,661382,,false
sha256:20ed8b5ae9f1c9acbcdfe6e709f8f73437af53e597445a70541a527cd979316d,sanity/gallery/source/cabins/retail-event-kiosk/polyester-bufe/polyester-bufe-003.jpg,Kabin/polyester_ctp_kabin_bufe_marka (2).jpg,,cabins,retail-event-kiosk,polyester-bufe,,Fiberglass food and beverage kiosk,Commercial fiberglass food and drink serving kiosk with open serving counter.,,3,alternate-exterior,medium,overlay-or-watermark,review-required,false,false,,jpeg,1280,856,285015,,true
sha256:d8d750726bcb5db6fcada9fb49ed7b6cc2291e6da496dbd26fa477382b4a96e4,sanity/gallery/source/cabins/retail-event-kiosk/polyester-bufe/polyester-bufe-004.jpg,Kabin/polyester_ctp_kabin_bufe_marka (3).jpg,,cabins,retail-event-kiosk,polyester-bufe,,Compact modular ticket kiosk,Compact modular fiberglass ticket and information booth.,,4,secondary,medium,low-resolution|overlay-or-watermark,review-required,false,false,,jpeg,600,401,110837,2014-02-23T15:27:33,true
sha256:49324bd1451d902f5b8d0d23621f8675eb46c629afc27d01d2633c56fa649de8,sanity/gallery/source/cabins/retail-event-kiosk/polyester-bufe/polyester-bufe-005.jpg,Kabin/polyester_ctp_kabin_bufe_marka (4).jpg,,cabins,retail-event-kiosk,polyester-bufe,,Modular fast food kiosk cabin,Modular street food kiosk cabin with roller shutter counter.,,5,secondary,medium,low-resolution|overlay-or-watermark,review-required,false,false,,jpeg,667,500,167483,,true
sha256:ec72dd50c97ae21f4506a23703815bc7ba75bb6c2c400630eeaf45c5cc9ffc28,sanity/gallery/source/cabins/retail-event-kiosk/polyester-bufe/polyester-bufe-006.jpg,Kabin/polyester_ctp_kabin_bufe_marka (5).JPG,,cabins,retail-event-kiosk,polyester-bufe,,Outdoor retail kiosk cabin,Outdoor fiberglass polyester retail kiosk cabin with serving canopy.,,6,secondary,medium,exif-comment-metadata|low-resolution|overlay-or-watermark,review-required,false,false,,jpeg,600,450,82627,2014-07-10T10:21:52,true
sha256:12159c1cf5f3f5e19d1ecfc061686688cf0ffe863c65800bdfe12ab55e546451,sanity/gallery/source/cabins/retail-event-kiosk/polyester-bufe/polyester-bufe-007.jpg,Kabin/polyester_ctp_kabin_bufe_marka (6).jpg,,cabins,retail-event-kiosk,polyester-bufe,,Commercial service kiosk unit,Small commercial modular kiosk unit for newspaper and snack retail.,,7,secondary,medium,low-resolution|overlay-or-watermark,review-required,false,false,,jpeg,600,450,163791,2014-04-03T10:20:45,true
sha256:b882bdc34e899c14cf04a7df2e095084bd998640e87bbc4ba2a9cca63b038ee6,sanity/gallery/source/cabins/retail-event-kiosk/polyester-bufe/polyester-bufe-008.jpg,Kabin/polyester_ctp_kabin_bufe_marka (7).jpg,,cabins,retail-event-kiosk,polyester-bufe,,Modular sales booth cabin,Fiberglass modular sales booth with large glass service windows.,,8,alternate-exterior,medium,overlay-or-watermark,review-required,false,false,,jpeg,900,672,105435,,false
sha256:befdb90ac7ce4a8ca97437a265cb1604a2b652d655fd909e5b590fdac4145c28,sanity/gallery/source/cabins/retail-event-kiosk/polyester-bufe/polyester-bufe-009.jpg,Kabin/polyester_ctp_kabin_bufe_marka (8).jpg,,cabins,retail-event-kiosk,polyester-bufe,,Street retail kiosk unit,Finished polyester cabin unit equipped for street retail sales.,,9,alternate-exterior,medium,overlay-or-watermark,review-required,false,false,,jpeg,1200,798,254716,,true
sha256:b3f88932750756a2e7bef9311e68b5adc6a2f82918652b21e72f99490bae19bb,sanity/gallery/source/cabins/retail-event-kiosk/polyester-bufe/polyester-bufe-010.jpg,Kabin/polyester_ctp_kabin_bufe_marka (9).jpg,,cabins,retail-event-kiosk,polyester-bufe,,Compact polyester sales kiosk,Compact polyester retail cabin with front serving counter.,,10,secondary,medium,low-resolution|overlay-or-watermark,review-required,false,false,,jpeg,600,450,80595,,false
sha256:243f81197e8490ccf41cccbf5fc6907f0ee5f7cbecf57f19efbd5bbefad12f6c,sanity/gallery/source/cabins/security-guard/alken-sitesi/alken-sitesi-001.jpg,Konteyner/Metropol/Metropol_Kabin_Alken_Sitesi_1.jpg,,cabins,security-guard,alken-sitesi,,Metropol guard booth at Alken Sitesi,Residential site entrance security cabin at Alken Sitesi housing complex.,,1,hero,high,,unknown,true,true,,jpeg,2048,1536,296579,2012-05-17T16:09:18,true
sha256:4e750fb6aa61e359ab8b1ab7612bdad2c59a3a59cc92163691870d5bb948effc,sanity/gallery/source/cabins/security-guard/arca-savunma/arca-savunma-001.jpg,150x200 Zırhlı Kabin - Arca Savunma/WhatsApp Image 2026-05-11 at 10.47.50 kopya.jpg,,cabins,security-guard,arca-savunma,,Bulletproof observation cabin on an open range,"Dark textured armoured cabin with ballistic glazing and firing ports, standing alone on open grassland.",,1,hero,high,,unknown,true,true,,jpeg,2777,2048,3250609,2026-05-13T16:51:54,true
sha256:c628bdec8335495baa3d542559f79d4597f1f1b124ecfb2dcd37cbce4e19e105,sanity/gallery/source/cabins/security-guard/arca-savunma/arca-savunma-002.jpg,150x200 Zırhlı Kabin - Arca Savunma/WhatsApp Image 2026-05-11 at 10.47.51 (1) kopya.jpg,,cabins,security-guard,arca-savunma,,Bulletproof cabin interior with ballistic glazing,"Interior of an armoured cabin, with a full-length worktop, wood-effect flooring and ballistic windows fitted with firing ports on three sides.",,2,interior-wide,high,portrait,unknown,true,false,,jpeg,1595,1999,1413718,2026-05-13T16:59:06,true
sha256:c1902aa261418480f95cf41ac3910e996eafeb54ecc011134156f239a737971f,sanity/gallery/source/cabins/security-guard/bakirkoy-adalet-sarayi/bakirkoy-adalet-sarayi-001.jpg,Konteyner/Metropol/Metropol_Kabin_Bakirkoy_Adalet_Sarayi_1.JPG,,cabins,security-guard,bakirkoy-adalet-sarayi,,Security cabin at Bakirkoy Courthouse,Heavy duty security guard cabin installed outside Bakirkoy Courthouse.,,1,hero,high,,unknown,true,true,,jpeg,4288,3216,3205316,2013-03-01T00:16:19,true
sha256:92037002d32a6c736822edd64aea31f1cd4ea9a49f3987ae7cb121c140412c2a,sanity/gallery/source/cabins/security-guard/bmc/bmc-001.jpg,150x150 Zırhlı Kabin - BMC/Yerinde Görseller/WhatsApp Image 2025-09-27 at 12.05.19 (1).jpg,,cabins,security-guard,bmc,,Bulletproof gatehouse at a vehicle plant entrance,"Dark grey armoured security cabin on a yellow-painted plinth, controlling the vehicle gate of a large manufacturing plant.",,1,hero,high,,unknown,true,true,,jpeg,2048,1536,1494806,2025-09-29T09:58:26,true
sha256:45b0b08ec3586cf0008e05d3d83e08591d2db5cae04003a05be8edfbe97ef5df,sanity/gallery/source/cabins/security-guard/cemile-sultan-korusu/cemile-sultan-korusu-001.jpg,Konteyner/Metropol/Metropol_CemileSultanKorusu_Yesil_WhatsApp55.jpeg,,cabins,security-guard,cemile-sultan-korusu,,Metropol security cabin at Cemile Sultan Korusu,Green metropol executive security cabin cabin nestled in parkland trees.,,1,hero,high,,unknown,true,true,,jpeg,2048,1536,741593,,false
sha256:427e3880410ec44f63142ade777b106e82e8a02d12379ec64e88d2c2b556d806,sanity/gallery/source/cabins/security-guard/double-park/double-park-001.jpg,Konteyner/Metropol/Metropol_Kabin_Double_Park_1.JPG,,cabins,security-guard,double-park,,Metro City cabin at Double Park,"White and anthracite Metro City security cabin on the paved forecourt of the Double Park development, with apartment towers behind.",,1,hero,high,,unknown,true,true,,jpeg,4288,2848,5030078,2017-04-01T13:14:09,true
sha256:e95838ea5bcbd8831e2e2d190a3e4590439f061b15dadcff95614a1449f121c1,sanity/gallery/source/cabins/security-guard/enpack/enpack-001.jpg,215x265 - Enpack/IMG-20240626-WA0015.jpg,,cabins,security-guard,enpack,,Metro City cabin at a factory entrance,Taupe Metro City cabin with a white door beside a substation enclosure at the entrance to a factory site.,,1,hero,high,,unknown,true,true,,jpeg,2048,1536,1354380,2025-01-14T10:45:58,true
sha256:2ee1f5ba6567d5a22b8b7293b35f97ac2e11cda8f47db3845602d2f077721769,sanity/gallery/source/cabins/security-guard/feshane-assan/feshane-assan-001.jpg,Konteyner/Metropol/Metropol_Feshane_Assan3.jpeg,,cabins,security-guard,feshane-assan,,Metropol security cabin at Feshane,Executive security cabin unit installed at Feshane facility entrance.,,1,hero,high,,unknown,true,true,,jpeg,1600,1200,174288,,false
sha256:ce7afd97face409f7f471076cf444a58e1f54382c364f1160c4757c1592d50bd,sanity/gallery/source/cabins/security-guard/istanbul-finans-ifm/istanbul-finans-ifm-001.jpg,200x200 Zırhlı Kabin - İstanbul Finans TCF İFM/WhatsApp Görsel 2025-07-14 saat 12.01.51_b8bab6f4.jpg,,cabins,security-guard,istanbul-finans-ifm,,Bulletproof gatehouse at a financial centre,"Grey armoured security cabin on a concrete plinth at a financial centre, with the delivery crane still alongside.",,1,hero,high,,unknown,true,true,,jpeg,2176,1468,807080,2025-08-01T14:51:57,true
sha256:c88fcfac87c870cc6b2539aee2ead435e4ca14ea74066f5f64261d158d176ee3,sanity/gallery/source/cabins/security-guard/koc-muzesi/koc-muzesi-001.jpg,Konteyner/Metropol/Metropol_Kabin_Guvenlik_Koc_Muzesi_2.JPG,,cabins,security-guard,koc-muzesi,,Metro City cabin at the Rahmi M. Koc Museum,Olive green Metro City security cabin beside the waterfront entrance gate of the Rahmi M. Koc Museum.,,1,hero,high,,unknown,true,true,,jpeg,4288,2848,7188812,2018-05-15T13:11:21,true
sha256:76c98403a3e5d2022e1df5fb442697f9514cde2e4d7371447e48aa7ce7d0eaae,sanity/gallery/source/cabins/security-guard/kuran-dekorasyon/kuran-dekorasyon-001.jpg,165x350 Zırhlı Kabin Kompozit - Kuran Dekorasyon/WhatsApp Görsel 2025-08-27 saat 13.02.57_a810a3b9.jpg,,cabins,security-guard,kuran-dekorasyon,,Bulletproof composite cabin at a gated forecourt,"Cream and dark green armoured composite cabin with a ballistic window and armoured door, on a paved forecourt beside a gate.",,1,hero,high,portrait,unknown,true,false,,jpeg,2048,2296,2456973,,false
sha256:46a88e1c30e0a3e5554c338069dc26395388a0bd454f1dee874efc3a2004c430,sanity/gallery/source/cabins/security-guard/marmara-universitesi/marmara-universitesi-001.jpg,265x265 MetroCity - Marmara Üniversitesi/265x265 MetroCity 1-1.jpg,,cabins,security-guard,marmara-universitesi,,Metro City gatehouse at a university entrance,Grey Metro City gatehouse beside the vehicle entrance to a university campus on a wet winter morning.,,1,hero,high,,unknown,true,true,,jpeg,2048,1536,718278,2024-12-30T11:42:10,true
sha256:dcd15c4cdef51508249cbe1bf9175b5637a5a5e46e3cf43efd451f0ba12c9e91,sanity/gallery/source/cabins/security-guard/marmara-universitesi/marmara-universitesi-002.jpg,265x265 MetroCity - Marmara Üniversitesi/265x265 MetroCity 3.jpg,,cabins,security-guard,marmara-universitesi,,Metro City cabin on a campus footpath,"Pale grey Metro City cabin with dark trim, standing on a paved path beside railings and planting on a university campus.",,2,alternate-exterior,high,,unknown,true,true,,jpeg,2048,1536,960821,2024-12-30T13:21:18,true
sha256:16d6af782f87177a9aade92aa394f4c26a9c419135b218ea092e59a3fb1ea8b6,sanity/gallery/source/cabins/security-guard/mosb-enerji/mosb-enerji-001.jpg,250x400 MetroCity - Mosb Enerji/IMG-20241223-WA0004.jpg,,cabins,security-guard,mosb-enerji,,Metro City site office in red and grey,"Dark grey Metro City site office with a bright red roof fascia and trim, raised on a kerb at an industrial entrance.",,1,hero,high,,unknown,true,true,,jpeg,2048,1536,848432,2024-12-23T08:27:52,true
sha256:e668eafadc6ff22df3e867bdc45c4309b19adeecdf886c87aba7bdf857fe84a7,sanity/gallery/source/cabins/security-guard/mosb-enerji/mosb-enerji-002.jpg,250x400 MetroCity - Mosb Enerji/IMG-20241223-WA0007.jpg,,cabins,security-guard,mosb-enerji,,Metro City site office interior,"Interior of a Metro City site office with two desks along a continuous worktop, office chairs, a tall cupboard and wood-effect flooring.",,2,interior-wide,high,,unknown,true,true,,jpeg,2048,1536,680575,2024-12-23T08:24:19,true
sha256:d4756125da6caf5b4d8236bf4545e9d545abde174a7e0d47748a154dbeac28ad,sanity/gallery/source/cabins/security-guard/negmar/negmar-001.jpg,Konteyner/Metropol/Negmar_04.jpg,,cabins,security-guard,negmar,,Toll and security booth at Negmar Port,Metropol cabin unit deployed as a toll and security control point at Negmar port terminal.,,1,hero,high,,unknown,true,true,,jpeg,4288,2848,7527727,2012-11-21T10:33:26,true
sha256:f071b7589f03e0b74a8944a278d9845220c424de43fc3aac42652c973ef50721,sanity/gallery/source/cabins/security-guard/others/others-001.jpg,Konteyner/Metropol/1.jpg,,cabins,security-guard,others,,Metropol executive security cabin,Exterior view of a modern metropol executive security cabin with sleek facade.,,1,hero,high,,unknown,true,true,,jpeg,1200,800,132123,,true
sha256:1babf4da2012563c5ef42912da73476dec7247d289e4e3d3d29adc0117a16ff4,sanity/gallery/source/cabins/security-guard/others/others-002.jpg,Konteyner/Metropol/DSC_0273.JPG,,cabins,security-guard,others,,Executive guard cabin front view,Front perspective of an insulated executive security guard booth.,,2,alternate-exterior,high,camera-serial-metadata,unknown,true,true,,jpeg,1920,1080,1474853,2020-06-16T17:08:20,true
sha256:2e82729abd7851ff13ac6e0fa8074190869dc7c5b496148ac2bf3f0ab3fa3734,sanity/gallery/source/cabins/security-guard/others/others-003.jpg,Konteyner/Metropol/DSC_1833.JPG,,cabins,security-guard,others,,Modern security booth with canopy,High resolution photo of a modern security booth with entrance overhang.,,3,alternate-exterior,high,camera-serial-metadata,unknown,true,true,,jpeg,5568,3712,12395590,2021-05-19T08:37:27,true
sha256:54d234b13d26f9077157a7c02e34d65a5f129bb154a86d322fc2f0fa54d21a9d,sanity/gallery/source/cabins/security-guard/others/others-004.jpg,Konteyner/Metropol/DSC_1923.JPG,,cabins,security-guard,others,,Security cabin angle perspective,Crisp angle view of a finished metropol security guard cabin.,,4,alternate-exterior,high,camera-serial-metadata,unknown,true,true,,jpeg,5568,3712,9873001,2021-05-19T09:50:23,true
sha256:2ef3d1c528353a4f0b72f1722dc3dff4702d9a70bb26d51fa4dc9e05bb968f26,sanity/gallery/source/cabins/security-guard/others/others-005.jpg,Konteyner/Metropol/DSC_3300.JPG,,cabins,security-guard,others,,Metro City gatehouse at a car showroom entrance,"White and anthracite Metro City security cabin beside the vehicle gate of a car showroom, with floodlights and cameras mounted on the roof.",,5,alternate-exterior,high,camera-serial-metadata,unknown,true,true,,jpeg,5568,3712,9666293,2022-03-30T10:27:01,true
sha256:8bc6d7db91d9f339cbc2e16d13eb0a81eaddf5251e5c1407cdb0e4aa1dfffc53,sanity/gallery/source/cabins/security-guard/others/others-006.jpg,Konteyner/Metropol/DSC_5453.JPG,,cabins,security-guard,others,,Executive gatehouse cabin unit,Executive modular gatehouse cabin unit with composite exterior panelling.,,6,alternate-exterior,high,camera-serial-metadata,unknown,true,true,,jpeg,5568,3712,9402225,2023-06-16T11:20:51,true
sha256:97c8d46bba37290632f4d3f66b04bdf6601e7f5aac1d4424e7799f4d3a5e58df,sanity/gallery/source/cabins/security-guard/others/others-007.jpg,Konteyner/Metropol/Escritórios Modulares.jpg,,cabins,security-guard,others,,Metropol modular cabin exterior,Commercial modular security cabin unit installed on a paved square.,,7,alternate-exterior,high,,unknown,true,true,,jpeg,1200,800,171333,,true
sha256:218b363c6ba79640208205e751341248c582b2e130094236edaf7f65419bc678,sanity/gallery/source/cabins/security-guard/others/others-008.jpg,Konteyner/Metropol/IMG_20240211_152451.jpg,,cabins,security-guard,others,,Site guard booth with tinted windows,On-site photograph of a modern guard booth featuring tinted glass panels.,,8,alternate-exterior,high,gps-metadata,unknown,true,true,,jpeg,4000,3000,3320361,2024-02-11T15:24:52,true
sha256:72724a77c3f51a1c8864559d210bf18013a90ff5fb4ca86d9026ea1e26b3e79a,sanity/gallery/source/cabins/security-guard/others/others-009.jpg,Konteyner/Metropol/WhatsApp Image 2023-06-04 at 00.25.56.jpeg,,cabins,security-guard,others,,Compact security gatehouse cabin,Compact security gatehouse cabin positioned at entrance gates.,,9,alternate-exterior,high,,unknown,true,true,,jpeg,2048,1536,211375,,false
sha256:ec109dccd8f18911993c13f740423233ca834b70fc048c3f9d1f5e2c24b5d74f,sanity/gallery/source/cabins/security-guard/others/others-010.jpg,Konteyner/Metropol/WhatsApp Image 2024-04-22 at 16.15.18 (1).jpeg,,cabins,security-guard,others,,Contemporary security booth installation,Contemporary security booth installed outside a commercial facility.,,10,alternate-exterior,high,,unknown,true,true,,jpeg,1600,1200,387624,,false
sha256:560224bf4bec26eee9f490124392c9dfb9abae3add564ead3d893af2d5968469,sanity/gallery/source/cabins/security-guard/pirantech/pirantech-001.jpg,250x250 Metropol - Kompozit - Pirantech/İlk Görseller/WhatsApp Image 2026-06-17 at 14.56.15 (2).jpeg,,cabins,security-guard,pirantech,,Metro City cabin with an attached WC unit,"Grey Metro City cabin with a canopy and a separate WC cubicle alongside, at the entrance to an industrial site.",,1,hero,high,,unknown,true,true,,jpeg,1600,868,546644,2026-06-18T11:18:48,true
sha256:dbefb811ca93f4f9628fb44c96386d3242b27391803f9788ea0b9314a9840d48,sanity/gallery/source/cabins/security-guard/protein-ocean-gida/protein-ocean-gida-001.jpg,150x240 KompoCity - Protein Ocean Gıda/WhatsApp Image 2026-05-21 at 09.44.523.jpeg,,cabins,security-guard,protein-ocean-gida,,KompoCity composite cabin at a food production plant,"Grey composite cabin with a yellow roof fascia, sitting on steel skids beside a newly built food production building.",,1,hero,high,,unknown,true,true,,jpeg,1599,1015,729799,2026-05-22T11:20:16,true
sha256:5835357f4eb4632f414cb9f05f12cfbb7f5b9dee2fefa5a7615aafa7c3b3c86f,sanity/gallery/source/cabins/security-guard/sariyer-hastane/sariyer-hastane-001.jpg,Konteyner/Metropol/Metropol_Kabin_Sariyer_Hastane_2.JPG,,cabins,security-guard,sariyer-hastane,,Metro City security booth at Sariyer hospital,"Stone-effect Metro City security booth in the car park of a hospital in Sariyer, with the hospital buildings behind.",,1,hero,high,,unknown,true,true,,jpeg,4288,2848,5626692,2018-05-15T13:27:31,true
sha256:ad9d5696b5eda4d9fae624515143857246818de3deeee772b208bc184d20bd4b,sanity/gallery/source/cabins/security-guard/sipahi-kardesler/sipahi-kardesler-001.jpg,140x215 KompoCity - Sipahi Kardeşler/WhatsApp Image 2026-05-23 at 10.53.45 (2).jpeg,,cabins,security-guard,sipahi-kardesler,,KompoCity composite gatehouse at an office entrance,"Cream composite-clad gatehouse cabin with a deep overhanging roof, standing at the entrance of a modern office building.",,1,hero,high,portrait,unknown,true,false,,jpeg,900,1600,196535,,false
sha256:a3400230be6d12cd2a04f32cf13164486035c6566f5314965527a4c8c1029338,sanity/gallery/source/cabins/security-guard/sule-yuksel-senler-vakfi/sule-yuksel-senler-vakfi-001.jpg,215x215 KompoCity - Şule Yüksel Şenler Vakfı/IMG-20250902-WA0013-Düzenlendi.jpg,,cabins,security-guard,sule-yuksel-senler-vakfi,,KompoCity composite cabin beside a historic foundation building,"Cream and white composite cabin with a wide roof canopy, set on paving beside a historic foundation building on an Istanbul street.",,1,hero,high,people-or-privacy,unknown,true,true,,jpeg,2048,1536,2120515,2025-10-01T10:48:30,true
sha256:87bd5143b5e8934edb35834e57c63471d89fd991782bc0c8763b7278fada2daf,sanity/gallery/source/cabins/security-guard/turkiye-diyanet-vakfi/turkiye-diyanet-vakfi-001.jpg,160x160 MetroCity - Türkiye Diyanet Vakfı/WhatsApp Image 2026-06-17 at 12.35.023.jpeg,,cabins,security-guard,turkiye-diyanet-vakfi,,Metro City cabin under a courtyard pergola,Dark grey and cream Metro City cabin standing under a pergola canopy on travertine paving in a walled courtyard.,,1,hero,high,portrait,unknown,true,false,,jpeg,1824,1920,2072554,2026-06-17T17:25:30,true
sha256:6ee50c6dbf31690b4499ce9c9da323bf3f1fecd163ce8d1080b9aa9a135de840,sanity/gallery/source/cabins/wc-shower/others/others-001.jpg,Kabin/WC/150x270_Kabin_WC__Dus_DSC_0149.JPG,,cabins,wc-shower,others,,Modular WC and shower cabin exterior,Front exterior shot of a 150x270 cm portable fiberglass toilet and shower cabin.,,1,hero,high,,unknown,true,true,,jpeg,4288,2848,2669872,2014-04-02T16:53:40,true
sha256:9c5c8006861736d6f21517401b6047b6173f681c817911f6c1f3db5ee197f1b2,sanity/gallery/source/cabins/wc-shower/others/others-002.jpg,Kabin/WC/150x270_Kabin_WC__Dus_DSC_0153.JPG,,cabins,wc-shower,others,,Modular WC and shower unit angle view,Angle exterior perspective of the portable sanitary cabin unit.,,2,alternate-exterior,high,,unknown,true,true,,jpeg,4288,2848,2616631,2014-04-02T16:54:17,true
sha256:2a63f1479985a03f3f14f40f8d9f985699f946d540a51ab802023a2b482f1e6a,sanity/gallery/source/cabins/wc-shower/others/others-003.jpg,Kabin/WC/150x270_Kabin_WC__Dus_DSC_0155.JPG,,cabins,wc-shower,others,,Sanitary cabin side view,Side exterior view of the portable polyester WC and shower cabin.,,3,alternate-exterior,high,,unknown,true,true,,jpeg,4288,2848,2661871,2014-04-02T16:57:13,true
sha256:b5af08bb30d4885129850e146daabd50aa14677f62ff3132b1568df3cbf0d7e7,sanity/gallery/source/cabins/wc-shower/others/others-004.jpg,Kabin/WC/DSC_2043.JPG,,cabins,wc-shower,others,,Fiberglass toilet cabin high resolution view,High resolution exterior photograph of a freestanding fiberglass toilet unit.,,4,alternate-exterior,high,camera-serial-metadata,unknown,true,true,,jpeg,5568,3712,7665588,2021-05-19T12:51:05,true
sha256:284733104e0be33b4196f48f19d256687be56cc22724fbc3cb9ab5e1455cab82,sanity/gallery/source/cabins/wc-shower/others/others-005.jpg,Kabin/WC/polyester-ctp-kabin-seyyar-tuvalet-ve-dus-35271.jpg,,cabins,wc-shower,others,,Portable fiberglass WC cabin,Freestanding fiberglass mobile toilet cabin with ventilation louvers.,,5,alternate-exterior,high,,unknown,true,true,,jpeg,1200,800,136378,,true
sha256:7c1726ac856f8bd9dc3b2f82b98f52616064be7d6cbf88dc4b3ea26358b77cea,sanity/gallery/source/cabins/wc-shower/others/others-006.jpg,Kabin/WC/polyester-ctp-kabin-seyyar-tuvalet-ve-dus-35271_2.jpg,,cabins,wc-shower,others,,Portable toilet cabin interior fixtures,Interior view of portable toilet cabin showing toilet bowl and washbasin fixtures.,,6,interior-wide,high,,unknown,true,true,,jpeg,1200,800,180936,,true
sha256:ddcc8f88e9a6846c9a22cbf3c9bb9a59aee4d9ba973fb6e32ee7454c54d8eb85,sanity/gallery/source/cabins/wc-shower/others/others-007.jpg,Kabin/WC/polyester-ctp-kabin-seyyar-tuvalet-ve-dus-35271_52.jpg,,cabins,wc-shower,others,,Mobile shower cabin interior,Interior view of mobile shower cabin unit showing shower tray and tap fixtures.,,7,interior-detail,high,,unknown,true,false,,jpeg,1200,800,117537,,true
sha256:689e2f66a6a76874f3feec848b78182b253135b3b68d1c842da33447b07187d0,sanity/gallery/source/cabins/wc-shower/others/others-008.jpg,Kabin/WC/seyyar-tuvalet-444.jpg,,cabins,wc-shower,others,,Mobile portable toilet cabin unit,Single mobile toilet cabin unit installed on a paved ground.,,8,alternate-exterior,high,,unknown,true,true,,jpeg,1200,800,183261,,true
sha256:dc84b0a87c4bb1a2d1e7a87394d0edfd24caec2797b9646a28886e5792309fdb,sanity/gallery/source/containers/construction-site/atasehir-maliye/atasehir-maliye-001.jpg,Konteyner/Şantiye/Konteyner_Yatakhane_Atasehir_Maliye_7.JPG,,containers,construction-site,atasehir-maliye,containers/dormitory/atasehir-maliye,Worker container dormitory at Atasehir Maliye project,Three-storey container dormitory block with exterior steel staircases at Atasehir Maliye construction site.,,1,hero,high,,unknown,true,true,,jpeg,4288,2848,5512129,2018-01-02T14:26:29,true
sha256:51b7dc1feb36e5fb86b3ac5154d551d70e2f19f56091b41e59124ceb22e0b83d,sanity/gallery/source/containers/construction-site/gebze-toki-m-eksi/gebze-toki-m-eksi-001.jpg,Konteyner/Şantiye/Konteyner_Yatakhane_Gebze_Toki_M_Eksi_5.JPG,,containers,construction-site,gebze-toki-m-eksi,containers/dormitory/gebze-toki-m-eksi,Container site camp complex at Gebze TOKI M. Eksi,Two-storey container camp complex with covered corridors at Gebze TOKI project site.,,1,hero,high,,unknown,true,true,,jpeg,4288,2848,5567361,2017-04-15T12:00:37,true
sha256:d29a58aa5b9034a6295fa2abfad22af6304a011c2f5435c8ab79f197131c13b6,sanity/gallery/source/containers/construction-site/kiptas-vaditepe/kiptas-vaditepe-001.jpg,Konteyner/Şantiye/Kiptas_Vaditepe_DSCF1603.JPG,Konteyner/Yatakhane/Kiptas_Vaditepe_DSCF1603.JPG,containers,construction-site,kiptas-vaditepe,containers/dormitory/kiptas-vaditepe,Construction worker camp containers at Kiptas Vaditepe,Multi-storey container dormitory and site office complex at Kiptas Vaditepe construction site.,,1,hero,high,,unknown,true,true,,jpeg,4288,3216,5359547,2014-01-18T11:02:27,true
sha256:4e37dda037cd9a45b53e510e5f73b9cfafb927e295fabfa0bc248bdc7ed38cfc,sanity/gallery/source/containers/construction-site/others/others-001.jpg,Konteyner/Şantiye/1.jpg,,containers,construction-site,others,,Construction site container office complex,Two-storey modular container building used as main site office on an active build site.,,1,hero,high,,unknown,true,true,,jpeg,1200,800,306836,,true
sha256:290d39e0de4f9a94cb20b258db9d6710ef83649f28d9c3bbd566a5d2754f01bb,sanity/gallery/source/containers/construction-site/others/others-002.jpg,Konteyner/Şantiye/2.jpg,,containers,construction-site,others,,Site container units in two rows,Parallel rows of white modular containers on construction site foundation.,,2,alternate-exterior,high,,unknown,true,true,,jpeg,1200,800,215837,,true
sha256:133936f6f5c3151cf883971817a898c6c0acc9d797eec63667fb2fa771b9795b,sanity/gallery/source/containers/construction-site/others/others-003.jpg,Konteyner/Şantiye/3.jpg,,containers,construction-site,others,,Multi-storey site accommodation container block,Three-storey container block with exterior steel emergency stairs.,,3,alternate-exterior,high,,unknown,true,true,,jpeg,1200,800,294043,,true
sha256:68ec9efcfee3365dbf4ec4909221fc2381fb22595dbab505a55883bac290b44a,sanity/gallery/source/containers/construction-site/others/others-004.jpg,Konteyner/Şantiye/4.jpg,,containers,construction-site,others,,Construction worker container camp,Container accommodation units arranged with covered walkways.,,4,alternate-exterior,high,,unknown,true,true,,jpeg,1200,800,386485,,true
sha256:74243d929667d73766a92f816b6c7f66f113dc7b7280d15ad9522279ea18bbdd,sanity/gallery/source/containers/construction-site/others/others-005.jpg,Konteyner/Şantiye/5.jpg,,containers,construction-site,others,,Site office container modules,Modular site office containers with external lighting and entrance canopies.,,5,alternate-exterior,high,,unknown,true,true,,jpeg,1200,800,323269,,true
sha256:6ced29ef37b76915ef0d8d37d1d228c22b0ed6c76ce70cd978bd6af128ea9bbd,sanity/gallery/source/containers/construction-site/others/others-006.jpg,Konteyner/Şantiye/6.jpg,,containers,construction-site,others,,Two-storey construction office building,Finished two-storey container building complex for construction site management.,,6,alternate-exterior,high,,unknown,true,true,,jpeg,1200,800,352458,,true
sha256:33f0f8faa417717c2fe1ac687caed032206446681310a09bc09773896dd4f64b,sanity/gallery/source/containers/construction-site/others/others-007.jpg,Konteyner/Şantiye/7.jpg,,containers,construction-site,others,,Modular site welfare containers,Welfare and dining container units installed on heavy construction project.,,7,alternate-exterior,high,,unknown,true,true,,jpeg,1200,800,194417,,true
sha256:03828f876cb253f9c95db7e432023181027754f9d485dd0523da8a0518e9c263,sanity/gallery/source/containers/construction-site/others/others-008.jpg,Konteyner/Şantiye/8.jpg,,containers,construction-site,others,,Container camp residential row,Row of single-storey accommodation containers with windows and security grilles.,,8,alternate-exterior,high,,unknown,true,true,,jpeg,1200,800,142326,,true
sha256:afda0cfe6801240998a070e9f716f1521d00f4b9fa15e1cbdaaac1cf504b226d,sanity/gallery/source/containers/construction-site/others/others-009.jpg,Konteyner/Şantiye/9.JPG,,containers,construction-site,others,,Field office container installation,Field office container unit positioned next to site machinery.,,9,alternate-exterior,high,,unknown,true,true,,jpeg,1200,800,98982,,true
sha256:520d2af0d34456a5c8314144c7fa142688e8d47a4c55a9914ebdfbe9f7241b7c,sanity/gallery/source/containers/construction-site/others/others-010.jpg,Konteyner/Şantiye/10.jpg,,containers,construction-site,others,,Large scale container site compound,Compound of modular containers arranged for multi-contractor site coordination.,,10,alternate-exterior,high,,unknown,true,true,,jpeg,1200,800,115702,,true
sha256:7ab94cae02990e9c3c4fe9456fb00832f0fc8b05011388d0c2c2c119056bcc27,sanity/gallery/source/containers/construction-site/others/others-011.jpg,Konteyner/Şantiye/11.jpg,Konteyner/Yatakhane/5.jpg,containers,construction-site,others,containers/dormitory/others,Construction worker container camp buildings,Two-storey container accommodation blocks arranged on gravel ground at a construction site.,,11,alternate-exterior,high,,unknown,true,true,,jpeg,1200,800,117238,,true
sha256:48ef47aee017aec1788bece0861485bb8377eafd67b233a9fe944a51ab7be4b2,sanity/gallery/source/containers/construction-site/others/others-012.jpg,Konteyner/Şantiye/DSC_5470.JPG,,containers,construction-site,others,,High resolution site office facade,High resolution photograph of a freshly installed container site office.,,12,alternate-exterior,high,camera-serial-metadata,unknown,true,true,,jpeg,5568,3712,11099315,2023-06-16T11:53:54,true
sha256:ef199d9f36d13fa95f13bf0f83e7077fdc851fd918e75b8e6cfd08aa4b7e9318,sanity/gallery/source/containers/construction-site/others/others-013.jpg,Konteyner/Şantiye/IMG-20231018-WA0050.jpg,,containers,construction-site,others,,Container site cabin deployment,Container cabins positioned along site boundary.,,13,alternate-exterior,high,,unknown,true,true,,jpeg,1600,1200,216123,,false
sha256:1c2b13eeaa2816d27b9428798bcf5e7a2253b8f209a7c6a093fd7e0b349cd860,sanity/gallery/source/containers/construction-site/others/others-014.jpg,Konteyner/Şantiye/WhatsApp Image 2022-10-11 at 15.42.09.jpeg,,containers,construction-site,others,,Modular construction camp setup,Modular construction camp setup on levelled terrain.,,14,alternate-exterior,high,,unknown,true,true,,jpeg,1599,899,158139,,false
sha256:de2cb477f553ace2cf4b4aad93dc42893c2babe23019f91f4f9731f75363917a,sanity/gallery/source/containers/construction-site/others/others-020.jpg,Konteyner/Şantiye/DJI_20260602120507_0054_D.JPG,,containers,construction-site,others,,Large scale container construction camp aerial view,High resolution aerial drone perspective of a vast multi-building container construction campsite.,,20,aerial-context,high,camera-serial-metadata|exif-comment-metadata|gps-metadata,unknown,true,true,,jpeg,8064,4536,28647424,2026-06-02T12:05:07,true
sha256:4ec6573537a7fb05423277d826a9017de4ad505a9aa4d9543a2dc8ccd7cc0d9c,sanity/gallery/source/containers/construction-site/others/others-021.jpg,Konteyner/Şantiye/DJI_20260610160154_0129_D.JPG,,containers,construction-site,others,,Container camp aerial layout overview,Aerial overview of container dormitory and administrative blocks on active construction site.,,21,aerial-context,high,camera-serial-metadata|exif-comment-metadata|gps-metadata,unknown,true,true,,jpeg,8064,4536,26312704,2026-06-10T16:01:54,true
sha256:73f4d4ed75f55a108d33c872f627a40383de66cfcc169d8c8ae566066067117e,sanity/gallery/source/containers/construction-site/others/others-022.jpg,Konteyner/Şantiye/DJI_20260713125622_0022_D.JPG,,containers,construction-site,others,,Construction camp aerial panorama,Drone aerial view showing the layout of multiple modular container buildings.,,22,aerial-context,high,camera-serial-metadata|exif-comment-metadata|gps-metadata,unknown,true,true,,jpeg,4032,2268,7020544,2026-07-13T12:56:22,true
sha256:7f44b26b9697d9d8d86b2f852a325673eae09fedf8b93cf5dafe7fd9f17347fc,sanity/gallery/source/containers/construction-site/others/others-023.jpg,Konteyner/Şantiye/DJI_20260713141340_0060_D.JPG,,containers,construction-site,others,,Modular site camp drone survey,Overhead drone photograph surveying worker container accommodations and access roads.,,23,aerial-context,high,camera-serial-metadata|exif-comment-metadata|gps-metadata,unknown,true,true,,jpeg,4032,2268,6598656,2026-07-13T14:13:40,true
sha256:783a4d40a025ffe7fcf9aad91ed0ba825014d02a23fdbca0a37a3930c51bfcc4,sanity/gallery/source/containers/construction-site/others/others-024.jpg,Konteyner/Şantiye/DJI_20260713141648_0079_D.JPG,,containers,construction-site,others,,Container site infrastructure aerial shot,Aerial view of modular construction camp containers and surrounding infrastructure.,,24,aerial-context,high,camera-serial-metadata|exif-comment-metadata|gps-metadata,unknown,true,true,,jpeg,4032,2268,7528448,2026-07-13T14:16:48,true
sha256:a409ee885a56a04df94cad022a2d5d3dd080e014ea4502b121bee1442d5a899f,sanity/gallery/source/containers/construction-site/others/others-025.jpg,Konteyner/Şantiye/DJI_20260713160657_0125_D.JPG,,containers,construction-site,others,,Evening aerial view of container camp complex,Late afternoon aerial view of complete container camp complex on construction site.,,25,aerial-context,high,camera-serial-metadata|exif-comment-metadata|gps-metadata,unknown,true,true,,jpeg,4032,2268,6914048,2026-07-13T16:06:57,true
sha256:b5af995b26a5f5df596333778835c0293a149d561ffef4c6d9b6855a322cbcc6,sanity/gallery/source/containers/construction-site/pasifik-gyo/pasifik-gyo-001.jpg,Konteyner/Şantiye/Pasifik_gyo.jpeg,,containers,construction-site,pasifik-gyo,,Construction site container office for Pasifik GYO,Multi-container site office and worker welfare complex at Pasifik GYO development project.,,1,hero,high,,unknown,true,true,,jpeg,2048,1537,443353,,false
sha256:e15a2693bde6e3ec5df4fa9de922eb7ea9eb08cf97d981d82d09997987de5594,sanity/gallery/source/containers/disaster-relief/malatya-konteyner-kent/malatya-konteyner-kent-001.jpg,Konteyner/Deprem Afet/Malatya_Konteyner_Kent3.jpeg,,containers,disaster-relief,malatya-konteyner-kent,,Malatya emergency container city camp,Wide view of emergency disaster relief container housing camp in Malatya.,,1,secondary,high,low-resolution|nonstandard-aspect,unknown,true,false,,jpeg,1024,576,265537,,false
sha256:459354e18ca62d1a61c7d25f61db53b1aa040fc5310b523631c97f8d52259ded,sanity/gallery/source/containers/disaster-relief/others/others-001.jpg,Konteyner/Deprem Afet/DJI_0021.JPG,,containers,disaster-relief,others,,Disaster relief container settlement aerial view,High altitude aerial drone photograph of a large disaster relief container city settlement.,,1,aerial-context,high,camera-serial-metadata|exif-comment-metadata|gps-metadata,unknown,true,true,,jpeg,5472,3078,8735630,2023-07-14T15:48:41,true
sha256:e13f2d60d8a444a9a19c672ceeb9b0db17c741c3eecd9083ff198ea9af385c28,sanity/gallery/source/containers/disaster-relief/others/others-002.jpg,Konteyner/Deprem Afet/FpUIvxkWIAIUCkQ.jpg,,containers,disaster-relief,others,,Emergency relief container housing rows,Rows of white emergency relief container units installed for temporary shelter.,,2,hero,high,,unknown,true,true,,jpeg,2048,1536,727672,,false
sha256:01b150f86f02e797a29c6280563c42a39e10ec31b8c6fa2efbf2175ea052c3ac,sanity/gallery/source/containers/disaster-relief/others/others-003.jpg,Konteyner/Deprem Afet/IMG-20230825-WA0080.jpg,,containers,disaster-relief,others,,Emergency shelter container living unit,Ground level view of residential container shelter units deployed in disaster zone.,,3,alternate-exterior,medium,,unknown,true,true,,jpeg,1600,1200,384271,,false
sha256:d3809d4aacfcc6277b5405dbce41068f0fd78ed209f9e4342598193e75a0ef4a,sanity/gallery/source/containers/disaster-relief/others/others-004.jpg,Konteyner/Deprem Afet/IMG-20230825-WA0086.jpg,,containers,disaster-relief,others,,Emergency container community street layout,Perspective down a temporary street formed by emergency container accommodation units.,,4,alternate-exterior,medium,,unknown,true,true,,jpeg,2048,1536,799876,,false
sha256:5b7cbfddaa0360347cc74d9db87f775a23dfdb95cc3c48c18ae5f691fccc6d41,sanity/gallery/source/containers/disaster-relief/others/others-005.jpg,Konteyner/Deprem Afet/WhatsApp Image 2023-02-20 at 08.25.06.jpeg,,containers,disaster-relief,others,,Disaster response container assembly on site,Rapid deployment container housing units during on-site installation after earthquake.,,5,secondary,medium,portrait,unknown,true,false,,jpeg,1200,1600,317725,,false
sha256:4a0835c0ace60c9da52097ad3c5e456250f8029d6fc48b21f7ca8306ac3c4221,sanity/gallery/source/containers/dormitory/atak-lojistik/atak-lojistik-001.jpg,Konteyner/Yatakhane/Konteyner_Yatakhane_Atak_Lojistik_1.JPG,,containers,dormitory,atak-lojistik,,Worker dormitory container for Atak Lojistik,Modular worker dormitory container facility for Atak Lojistik.,,1,hero,high,,unknown,true,true,,jpeg,4288,2848,3172893,2014-07-16T14:15:50,true
sha256:2fd7251c6fbe37c4fe84bd542795fe20298032c90bbc2ce8b834e7a40d3c737c,sanity/gallery/source/containers/dormitory/atasehir-maliye/atasehir-maliye-002.jpg,Konteyner/Yatakhane/Konteyner_Yatakhane_Atasehir_Maliye_2.JPG,,containers,dormitory,atasehir-maliye,containers/construction-site/atasehir-maliye,Container dormitory building at Atasehir Maliye,Three-storey worker container dormitory building at Atasehir Maliye project.,,2,alternate-exterior,high,,unknown,true,true,,jpeg,4288,2848,5068013,2018-01-02T14:23:55,true
sha256:7711a1dc99b42fa2347d1918b4dba857105b4a932905641843bc453feebf6ed4,sanity/gallery/source/containers/dormitory/gebze-toki-m-eksi/gebze-toki-m-eksi-002.jpg,Konteyner/Yatakhane/Konteyner_Yatakhane_Gebze_Toki_M_Eksi_6.JPG,,containers,dormitory,gebze-toki-m-eksi,containers/construction-site/gebze-toki-m-eksi,Worker dormitory container corridors at Gebze TOKI,Exterior corridor and staircase of worker dormitory container blocks at Gebze TOKI.,,2,alternate-exterior,high,possible-duplicate,unknown,true,true,sha256:3f5488bcbfcde3dff0fc1ad3fa1a36ad4c887197af8d30a58809fdc60c088b22,jpeg,4288,2848,5937937,2017-04-15T12:00:30,true
sha256:3f5488bcbfcde3dff0fc1ad3fa1a36ad4c887197af8d30a58809fdc60c088b22,sanity/gallery/source/containers/dormitory/gebze-toki-m-eksi/gebze-toki-m-eksi-003.jpg,Konteyner/Yatakhane/Konteyner_Yatakhane_Gebze_Toki_M_Eksi_9.JPG,,containers,dormitory,gebze-toki-m-eksi,containers/construction-site/gebze-toki-m-eksi,Worker dormitory container blocks at Gebze TOKI,Angled perspective of the two-storey container dormitory complex at Gebze TOKI.,,3,alternate-exterior,high,possible-duplicate,unknown,true,true,sha256:7711a1dc99b42fa2347d1918b4dba857105b4a932905641843bc453feebf6ed4,jpeg,4288,2848,5244970,2017-04-15T12:04:57,true
sha256:3a48c9018a264df0865176c4cf0a4c274bbf23ca243b04f410f6a81520f99967,sanity/gallery/source/containers/dormitory/iceland/iceland-001.jpg,Konteyner/Yatakhane/Container Cabins For Sale Iceland.jpg,,containers,dormitory,iceland,,Container accommodation cabins for Iceland project,Modular container accommodation cabin complex deployed in Iceland.,,1,hero,high,possible-duplicate,unknown,true,true,sha256:ec40e5ed2002d72ca9a68a16e5e43ba516862a0e276243ec26fd6855c73224e9,jpeg,1200,800,72788,,true
sha256:ec40e5ed2002d72ca9a68a16e5e43ba516862a0e276243ec26fd6855c73224e9,sanity/gallery/source/containers/dormitory/iceland/iceland-002.jpg,Konteyner/Yatakhane/Container Offices for Sale Iceland.jpg,,containers,dormitory,iceland,containers/office/iceland,Container offices and camp in Iceland,Container office and accommodation buildings in snowy landscape in Iceland.,,2,alternate-exterior,high,possible-duplicate,unknown,true,true,sha256:3a48c9018a264df0865176c4cf0a4c274bbf23ca243b04f410f6a81520f99967,jpeg,1200,800,119334,,true
sha256:34d6c224e81cee6d7cfdcb4de8bbb89b1aca594333fc3c3ecf85d3d7052e58bb,sanity/gallery/source/containers/dormitory/others/others-001.jpg,Konteyner/Yatakhane/02.jpg,,containers,dormitory,others,,Modular container dormitory complex,Two-storey modular container worker dormitory complex with steel canopy and staircase.,,1,hero,high,,unknown,true,true,,jpeg,1200,800,175497,,false
sha256:15ce940a0cd11536c0f24d6bfb27ecff149c0b9724100e086b801648622a2401,sanity/gallery/source/containers/dormitory/others/others-002.jpg,Konteyner/Yatakhane/06.jpg,,containers,dormitory,others,,Container dormitory row exterior,Row of single-storey container dormitory units on concrete footing.,,2,alternate-exterior,high,,unknown,true,true,,jpeg,1200,800,897964,,true
sha256:e030a88ff967e75dd14c8c2d12f30a7d5fc8614c14c00c707a5ae6cc63b79ab0,sanity/gallery/source/containers/dormitory/others/others-003.jpg,Konteyner/Yatakhane/07.jpg,,containers,dormitory,others,,Container dormitory bunk bed bedroom,Interior of a container dormitory room furnished with steel bunk beds and lockers.,,3,interior-wide,high,possible-duplicate,unknown,true,true,sha256:f441a0f1ba46ee6f43f94f18b1807b65c7c7aa6fa03a1b27cc84b8cd94a098ae,jpeg,1200,800,174171,,false
sha256:f441a0f1ba46ee6f43f94f18b1807b65c7c7aa6fa03a1b27cc84b8cd94a098ae,sanity/gallery/source/containers/dormitory/others/others-004.jpg,Konteyner/Yatakhane/08.jpg,,containers,dormitory,others,,Worker accommodation room interior,Alternative angle of the worker dormitory room showing bedding and window.,,4,interior-wide,high,possible-duplicate,unknown,true,true,sha256:e030a88ff967e75dd14c8c2d12f30a7d5fc8614c14c00c707a5ae6cc63b79ab0,jpeg,1200,800,212832,,false
sha256:be9cb7d366ecc036bb45efd989d9c40a3af7856d7176e675ac50f820792eab21,sanity/gallery/source/containers/dormitory/others/others-006.jpg,Konteyner/Yatakhane/DSC_1646.JPG,,containers,dormitory,others,,Insulated container dormitory building,High resolution exterior photograph of an insulated multi-container worker living block.,,6,alternate-exterior,high,camera-serial-metadata,unknown,true,true,,jpeg,5568,3712,7765274,2021-02-05T15:06:00,true
sha256:f1f5bb9c7a928cc901e8b49a6ba6f2714ffaea0a8fe25c15baabcce6a0c42764,sanity/gallery/source/containers/dormitory/others/others-007.jpg,Konteyner/Yatakhane/DSC_2240.JPG,,containers,dormitory,others,,Two-storey worker camp container building,Side perspective of a two-storey container accommodation facility.,,7,alternate-exterior,high,camera-serial-metadata,unknown,true,true,,jpeg,5568,3712,9035219,2021-08-04T10:30:25,true
sha256:267232c94638c9399246ee943260aa500ccc9561e8aa97373339c82a702b4711,sanity/gallery/source/containers/dormitory/others/others-009.jpg,Konteyner/Standart/9.jpg,Konteyner/Yatakhane/9.jpg,containers,dormitory,others,containers/standard-product/others,Standard modular container dormitory building,Exterior shot of a two-storey standard modular container dormitory building.,,9,alternate-exterior,high,,unknown,true,true,,jpeg,1200,800,80335,,true
sha256:04f643ab092aa6c16c3c364a400d08e2d67565ee96dfe5fc2b16322f3880a661,sanity/gallery/source/containers/office/bilgi-universitesi/bilgi-universitesi-001.jpg,Konteyner/Ofis/Konteyner_Ofis_Bilgi_universitesi_3.JPG,,containers,office,bilgi-universitesi,,Container campus office at Bilgi University,Modular container office building installed on the Bilgi University campus.,,1,hero,high,,unknown,true,true,,jpeg,4288,2848,6249139,2015-08-19T12:19:25,true
sha256:e142cfbd86c818a6da3d9f88c05e7a5cf8d4951d637f784e0a8aa25814d3abcb,sanity/gallery/source/containers/office/cagdas-makine/cagdas-makine-001.jpg,Konteyner/Ofis/Konteyner_Arge_Ofisi_Cagdas_Makine_2.JPG,,containers,office,cagdas-makine,,Container R&D office for Cagdas Makine,Two-storey container office building for Cagdas Makine R&D department.,,1,hero,high,,unknown,true,true,,jpeg,4288,2848,4928648,2015-12-14T11:44:31,true
sha256:dbfffd8109ab80a395ee524c77d60be3a0e61c95d4e5c5ef71604e522177e792,sanity/gallery/source/containers/office/ispanya-baba/ispanya-baba-001.jpg,Konteyner/Ofis/WhatsApp Image2021_ispanya_Baba15.jpeg,,containers,office,ispanya-baba,,Container office row in Spain,"Row of three beige and white container office units on a paved yard in Spain, each raised on footings with its own steps.",,1,hero,high,,unknown,true,true,,jpeg,1600,1200,261650,,false
sha256:9234880cf66105157821556f7a2500d37ae63de5db13a64d055c5175b04cdc5e,sanity/gallery/source/containers/office/others/others-001.jpg,Konteyner/Ofis/1.jpg,,containers,office,others,,Modern container sales office,Exterior view of a modern modular container sales office with dark finish.,,1,hero,high,,unknown,true,true,,jpeg,1200,800,164915,,true
sha256:881899b8b8c1952889bee0d6efb8d4d15db095f2e9e9e44c3f67ac35f6aba573,sanity/gallery/source/containers/office/others/others-002.jpg,Konteyner/Ofis/2.jpg,,containers,office,others,,Two-storey container office complex,Multi-unit two-storey container office building with external staircase.,,2,alternate-exterior,high,,unknown,true,true,,jpeg,1200,800,58926,,true
sha256:8498d2dc90678a17acd25161c67e874898b0160d23003aea6c70741d655b84bc,sanity/gallery/source/containers/office/others/others-003.jpg,Konteyner/Ofis/3.jpg,,containers,office,others,,Modular site office container,Prefabricated container office unit on concrete foundations.,,3,alternate-exterior,high,,unknown,true,true,,jpeg,1200,800,77374,,true
sha256:5125f1c7dc38dc1db723261093423978482851838e36fa3ea918668667f5b781,sanity/gallery/source/containers/office/others/others-004.jpg,Konteyner/Ofis/4.jpg,,containers,office,others,,Modular container office with glazing,Front perspective of an office container featuring full-height glass entrance doors.,,4,alternate-exterior,high,,unknown,true,true,,jpeg,1200,800,89977,,true
sha256:5a18e304e7b2fc099325499f860804623eec16b4d298220a7cfeb1291a4661c1,sanity/gallery/source/containers/office/others/others-005.jpg,Konteyner/Ofis/5.jpg,Konteyner/Yatakhane/8.jpg,containers,office,others,containers/dormitory/others,Modular container office building exterior,Two-storey container building complex with covered walkway and exterior staircase.,,5,alternate-exterior,high,,unknown,true,true,,jpeg,1200,800,101078,,true
sha256:46d721c74f0df8a2a4a97fb6694fa7a7e16ff24db69680a20f630883161366be,sanity/gallery/source/containers/office/others/others-006.jpg,Konteyner/Ofis/6.jpg,,containers,office,others,,Combined container office suite,Interconnected container office units forming an administrative workspace.,,6,alternate-exterior,high,,unknown,true,true,,jpeg,1200,800,68515,,true
sha256:3eec3b7f4d924bfd68ac81dcab32e512243b12d4615cd430645511efb934cd8c,sanity/gallery/source/containers/office/others/others-007.jpg,Konteyner/Ofis/12.jpg,,containers,office,others,,Open-plan container office interior,Open-plan interior workspace with office desks inside a container building.,,7,interior-wide,high,possible-duplicate,unknown,true,true,sha256:64209314bcc1bc4c2c73fd0dabfb503af4d0446cd4b69985c5d9f65e0d7ad417,jpeg,1200,800,85389,,true
sha256:64209314bcc1bc4c2c73fd0dabfb503af4d0446cd4b69985c5d9f65e0d7ad417,sanity/gallery/source/containers/office/others/others-008.jpg,Konteyner/Ofis/14.jpg,,containers,office,others,,Container office workstation setup,Alternative view of workstation desks and lighting inside modular container office.,,8,interior-wide,high,possible-duplicate,unknown,true,true,sha256:3eec3b7f4d924bfd68ac81dcab32e512243b12d4615cd430645511efb934cd8c,jpeg,1200,800,75743,,true
sha256:8a33ab7148a7f559bd3291ac2b411b65d6d57d8ed19c1b74e39ee7ba95bb593e,sanity/gallery/source/containers/office/others/others-009.jpg,Konteyner/Ofis/3x12_Konteyner_WhatsApp2022-47.jpg,,containers,office,others,,Navy container office on a city site,"Long navy blue container office unit on a concrete plinth, with residential towers behind.",,9,alternate-exterior,high,,unknown,true,true,,jpeg,2000,1500,175013,,false
sha256:f04fcbc4017563672e193715b66bb7345c9da02f417b0fd6778bfe3e129c2fba,sanity/gallery/source/containers/office/others/others-010.jpg,Konteyner/Ofis/DSC_2753.JPG,,containers,office,others,,Administrative container building facade,High resolution photo of an administrative modular container facility.,,10,alternate-exterior,high,camera-serial-metadata,unknown,true,true,,jpeg,5568,3712,12753273,2021-10-19T11:19:00,true
sha256:57f3a93f3cc1732101a70650c53055b666b9a8a514ecc4029017ec3e05a165dc,sanity/gallery/source/containers/office/others/others-011.jpg,Konteyner/Ofis/DSC_3304.JPG,,containers,office,others,,Modular office container corner view,Corner view of a finished modular office container structure.,,11,alternate-exterior,high,camera-serial-metadata,unknown,true,true,,jpeg,5568,3712,8481390,2022-03-30T10:28:34,true
sha256:89bb47791e9bb94e1bcbe159a6ff00a97d5a6579c8fb13ebbfefe71560ae3fdf,sanity/gallery/source/containers/office/others/others-012.jpg,Konteyner/Ofis/IMG_20170104_170300.jpg,,containers,office,others,,Commercial container office installation,Commercial container office installation in industrial yard.,,12,alternate-exterior,high,,unknown,true,true,,jpeg,3968,2976,3033156,2017-01-04T17:03:00,true
sha256:aabdcf70bb9de609573d3223f7dc64d2fa22f1bd3ef7cf75aa98e01576c38d81,sanity/gallery/source/containers/office/others/others-013.jpg,Konteyner/Ofis/IMG-20220204-WA0019.jpg,,containers,office,others,,Two-unit container office setup,Two joined container office modules with anthracite trim.,,13,alternate-exterior,high,,unknown,true,true,,jpeg,2048,1536,462833,,false
sha256:2d4ff08d7a1a2d145c1ef0a56e9634513afa4758aaef5bd2f93bc3bbf435705e,sanity/gallery/source/containers/office/others/others-014.jpg,Konteyner/Ofis/WhatsApp Image 2019-11-15 at 15.24.45.jpeg,,containers,office,others,,Two-storey container office block,Two-storey white and beige container office block with an external steel staircase to the upper floor.,,14,alternate-exterior,high,,unknown,true,true,,jpeg,1599,738,159660,,false
sha256:8d6af170396f2c27e433c9998150ff4ef4654d550b2f2e8215391690bcd61fc3,sanity/gallery/source/containers/office/others/others-015.jpg,Konteyner/Ofis/WhatsApp Image 2022-07-06 at 17.52.50.jpeg,,containers,office,others,,Site administration container unit,Modular administration container unit with entrance canopy.,,15,alternate-exterior,high,,unknown,true,true,,jpeg,1024,768,142982,,false
sha256:68aa16fa279fc7cf550187f6f7ec3454474b8174e97fafba6726dd1af09f849d,sanity/gallery/source/containers/office/romanya-austed/romanya-austed-001.jpg,Konteyner/Ofis/Konteyner_Romanya_Bayi_AUSTED.jpeg,Konteyner/Şantiye/Konteyner_Romanya_Bayi_AUSTED.jpeg,containers,office,romanya-austed,containers/construction-site/romanya-austed,Modular container office for Austed dealership in Romania,Two-storey modular container office building with external staircase for Austed Romania.,,1,hero,high,,unknown,true,true,,jpeg,1600,1200,530280,,false
sha256:c96667ca281adca4f67d8380a46c27a368f3c4874919d60d3d85a43982a9e6c4,sanity/gallery/source/containers/residential/akalan-catalca/akalan-catalca-001.jpg,Konteyner/Konteyner Ev/42_Konteyner_Ev_Cem_Kilerci_Akalan_Catalca_7.JPG,,containers,residential,akalan-catalca,,Container house in a Catalca garden,"White container house with a striped awning and a rooftop water tank, set in a cultivated garden at Akalan Catalca.",,1,hero,high,camera-serial-metadata,unknown,true,true,,jpeg,5568,3712,12716721,2022-08-27T14:10:58,true
sha256:cba9054cb6fb3cf2694c7676e2c99438705f2235d950f5caf34d76bd73c2813d,sanity/gallery/source/containers/residential/almanya-ciftlik/almanya-ciftlik-001.jpg,Konteyner/Konteyner Ev/Almanya_ciftlik_Misafirhane_konteyner2.jpeg,,containers,residential,almanya-ciftlik,,Newly delivered container guesthouse,Newly delivered container guesthouse on gravel with protective film still on the window frames and the door open to a fitted shower room.,,1,hero,high,,unknown,true,true,,jpeg,1600,1200,308804,,false
sha256:61a86a2ecdbe8042af0411aa52ae4e0d94e6fa886f0f08dad0fcf208d99975f7,sanity/gallery/source/containers/residential/ankara/ankara-001.jpg,Konteyner/Konteyner Ev/4x8_Konteyner_Ev_Ankara_DSC_0467.JPG,,containers,residential,ankara,,Container house with a deep canopy near Ankara,"White container house with a deep canopy over a concrete terrace, standing in a vegetable garden near Ankara.",,1,hero,high,camera-serial-metadata|possible-duplicate,unknown,true,true,sha256:a3b038e1272dfb1e87b8812145527e1dde304282f70b12c751a87a7143fec646,jpeg,5568,3712,11536789,2020-07-18T12:49:50,true
sha256:a3b038e1272dfb1e87b8812145527e1dde304282f70b12c751a87a7143fec646,sanity/gallery/source/containers/residential/ankara/ankara-002.jpg,Konteyner/Konteyner Ev/Konteyner_Ev_42_Ankara_DSC_0360.JPG,,containers,residential,ankara,,Container house beside Ankara farmland,"Container house with a canopied terrace at the edge of harvested farmland near Ankara, with irrigation lines in the foreground.",,2,alternate-exterior,high,camera-serial-metadata|possible-duplicate,unknown,true,true,sha256:61a86a2ecdbe8042af0411aa52ae4e0d94e6fa886f0f08dad0fcf208d99975f7,jpeg,5568,3712,11018049,2020-07-18T10:32:49,true
sha256:3fbc96b1e8b68eb4c1bc6339a85919354208975c9b08f2ba433488efac0255b0,sanity/gallery/source/containers/residential/others/others-001.jpg,Konteyner/Konteyner Ev/1.jpg,,containers,residential,others,,Modular residential container home,Exterior view of a modern modular residential container home with grey panelling.,,1,hero,high,,unknown,true,true,,jpeg,1200,800,212994,,true
sha256:8e17f3b4c1958dc3b7b5843399501ba8fed4c05249100bb56dfbc49d2355b562,sanity/gallery/source/containers/residential/others/others-002.jpg,Konteyner/Konteyner Ev/2.jpg,,containers,residential,others,,Container unit in a tropical garden,"Grey and beige container unit raised on concrete footings in a tropical garden, surrounded by banana and palm foliage.",,2,alternate-exterior,high,,unknown,true,true,,jpeg,1200,800,113473,,true
sha256:da9a4be8d9c4e650e47c4d632fdcab08ee102677f3fe0a0bef028a75486e1825,sanity/gallery/source/containers/residential/others/others-003.jpg,Konteyner/Konteyner Ev/3.jpg,,containers,residential,others,,Container home on a rural smallholding,"Container home with a canopied porch, a flue and grilled windows on a rural smallholding, with young fruit trees around it.",,3,alternate-exterior,high,,unknown,true,true,,jpeg,1200,800,162058,,true
sha256:294463d032f877955053f936fff5aee559d47b4bac00f2b695c8bd922ecefc56,sanity/gallery/source/containers/residential/others/others-004.jpg,Konteyner/Konteyner Ev/4.jpg,,containers,residential,others,,Poolside container guest suite,"Container guest suite with a timber deck and a covered seating area beside a swimming pool, with palm trees behind.",,4,alternate-exterior,high,,unknown,true,true,,jpeg,1200,800,108374,,true
sha256:e83eb3c6ba99aa49b5552b4438113dfd95962dc072ca234eda712b8528ad79bc,sanity/gallery/source/containers/residential/others/others-005.jpg,Konteyner/Konteyner Ev/5.jpg,,containers,residential,others,,Container house in a landscaped garden,"Container house with a canopied terrace, block paving and planted borders in a landscaped garden.",,5,interior-wide,high,,unknown,true,true,,jpeg,1200,800,132982,,true
sha256:a4ed4d8c2fcf9da3681feb3146f61d974a8716b99520eebc6bfd725fce7a3106,sanity/gallery/source/containers/residential/others/others-006.jpg,Konteyner/Konteyner Ev/DSC_4961.JPG,,containers,residential,others,,High resolution container house exterior,Crisp exterior photograph of a contemporary residential container home.,,6,alternate-exterior,high,camera-serial-metadata,unknown,true,true,,jpeg,5568,3712,11760958,2023-04-29T08:57:05,true
sha256:dc147cb90b36e36730b9a1622d35f6c4692a1a57033530da8ee9f64acc32b814,sanity/gallery/source/containers/residential/others/others-007.jpg,Konteyner/Konteyner Ev/WhatsApp Image 2021-09-10 at 14.27.12.jpeg,,containers,residential,others,,Container house living room with garden view,"Container house living room lit by concealed cove lighting, with a corner sofa and a full-height window onto the garden.",,7,alternate-exterior,high,,unknown,true,true,,jpeg,1600,1200,333966,,false
sha256:c44fa477f6e47b16c3d0f6a81b6e41620c2405742229c96e53b695dc665a435b,sanity/gallery/source/containers/residential/others/others-008.jpg,Konteyner/Konteyner Ev/WhatsApp Image 2021-09-10 at 14.27.21.jpeg,,containers,residential,others,,Container house bedroom,"Container house bedroom with concealed cove lighting, a double bed and an oak sideboard, the window looking onto autumn woodland.",,8,alternate-exterior,high,,unknown,true,true,,jpeg,1600,1200,302051,,false
sha256:ee7cac12ed39d1236c1e6f31d129ea5392076e58c5ffc2dbd7e74bbb8a62c6ed,sanity/gallery/source/containers/residential/others/others-009.jpg,Konteyner/Konteyner Ev/WhatsApp Image 2022-05-24 at 13.33.53 (2).jpeg,,containers,residential,others,,Container house during installation,"Container house with a canopied terrace being installed on a levelled plot, with timber stacked alongside.",,9,alternate-exterior,high,,unknown,true,true,,jpeg,1261,761,206984,,false
sha256:20e2cfcee400588fe0260d981ed22a20ca5ff9b66e237e01baea4f9989fe0af2,sanity/gallery/source/containers/residential/sevindikli/sevindikli-001.jpg,Konteyner/Konteyner Ev/35_Konteyner_Ev_Sevindikli_3.jpeg,,containers,residential,sevindikli,,Container house in a woodland clearing,"Small white container house with a canopied porch and a raised water tank, in a mown clearing against dense woodland at Sevindikli.",,1,secondary,high,portrait,unknown,true,false,,jpeg,1201,1600,517526,,false
sha256:cb901d155e6aa5a7119c477a1f3f736b0b3f05f26aa21f30c176ef9d959263f9,sanity/gallery/source/containers/standard-product/others/others-001.jpg,Konteyner/Standart/1.JPG,,containers,standard-product,others,,"Standard container unit, front elevation","White and beige standard container unit photographed square-on, with a personnel door and two windows.",,1,hero,high,,unknown,true,true,,jpeg,1200,800,28938,,true
sha256:5a69f3452d325274bd31a04f1f7c05da7de962e3ddc331abc962c0a539dd665d,sanity/gallery/source/containers/standard-product/others/others-002.jpg,Konteyner/Standart/2.JPG,,containers,standard-product,others,,"Standard container unit, three-quarter view",Standard white and beige container unit photographed from a three-quarter angle on a paved yard.,,2,alternate-exterior,high,,unknown,true,true,,jpeg,1200,800,36336,,true
sha256:f342dcd2b1809c9f364b847652ebee5cc40e068c14a193d04657337d3fe63f1a,sanity/gallery/source/containers/standard-product/others/others-003.jpg,Konteyner/Standart/3.JPG,,containers,standard-product,others,,Standard container unit with end door,Standard container unit with the personnel door in the end bay and two windows along the long elevation.,,3,alternate-exterior,high,,unknown,true,true,,jpeg,1200,800,34669,,true
sha256:b610bdb1d1bf594a8a3534f5e16f97d76399a4dd78afaeb2e4a8cfaf3faf8d57,sanity/gallery/source/containers/standard-product/others/others-004.jpg,Konteyner/Standart/4.JPG,,containers,standard-product,others,,"Standard container unit, rear three-quarter view",Rear three-quarter view of a standard container unit on a paved yard under an overcast sky.,,4,alternate-exterior,high,,unknown,true,true,,jpeg,1200,800,34424,,true
sha256:ad6d5630803e68ac0db1ffa83a28788310bec96c4ee3ca489ad60f8a38d30bba,sanity/gallery/source/containers/standard-product/others/others-005.jpg,Konteyner/Standart/5.JPG,,containers,standard-product,others,,"Standard container unit, blank elevation","Blank side elevation of a standard container unit on a gravel yard, ventilated but unglazed.",,5,alternate-exterior,high,,unknown,true,true,,jpeg,1200,800,35442,,true
sha256:60a3b9bcdb799b23b201f691b2e7c7f91eea4d54128ab9ac47dc8aa9b07f14c6,sanity/gallery/source/containers/standard-product/others/others-006.jpg,Konteyner/Standart/6.JPG,,containers,standard-product,others,,Standard container unit with the door open,"Standard container unit with its personnel door standing open, showing the wood-effect floor inside.",,6,alternate-exterior,high,,unknown,true,true,,jpeg,1200,800,47260,,true
sha256:085139153ba4d3260e882caef08008299797256c95fb2ac319171c3903c8ffcd,sanity/gallery/source/containers/standard-product/others/others-007.jpg,Konteyner/Standart/7.JPG,,containers,standard-product,others,,Fitted WC compartment in a standard unit,"WC compartment inside a standard container unit, with a close-coupled toilet and a partition door to the main room.",,7,alternate-exterior,high,,unknown,true,true,,jpeg,1200,800,28931,,true
sha256:2a6bb84ee0bd2a419ae7f62ed4e0e769bc46f4abf5c341dc12035135ae4057cc,sanity/gallery/source/containers/standard-product/others/others-008.jpg,Konteyner/Standart/8.JPG,,containers,standard-product,others,,Standard container unit interior,"Empty interior of a standard container unit, with lined walls, wood-effect flooring and two windows.",,8,alternate-exterior,high,,unknown,true,true,,jpeg,1200,800,22713,,true
sha256:bdca4f5e777a7719889d8952e1f5d34b1e0fbf3fad2a96ff0fef260081e46384,sanity/gallery/source/containers/standard-product/others/others-010.jpg,Konteyner/Standart/10.jpg,,containers,standard-product,others,,Container camp compound,Elevated view of a container camp of single-storey units arranged around paved walkways inside a walled compound.,,10,alternate-exterior,high,,unknown,true,true,,jpeg,1200,800,45840,,true
sha256:0268990ed7310bbe0415972dc79425e23e21f63f037340313504c1fcc98efdc8,sanity/gallery/source/containers/standard-product/others/others-011.jpg,Konteyner/Standart/11.jpg,,containers,standard-product,others,,Prefabricated container corner detail,Corner exterior view of a prefabricated modular container.,,11,alternate-exterior,high,,unknown,true,true,,jpeg,1200,800,76501,,true
sha256:d3c79b1fe915c4e3a6931a79432bdbe58b98ef0ccfbce35a01483a8e8bf1c518,sanity/gallery/source/containers/standard-product/others/others-012.jpg,Konteyner/Standart/12.jpg,,containers,standard-product,others,,Standard container building element,Exterior view of a modular standard container unit ready for installation.,,12,alternate-exterior,high,,unknown,true,true,,jpeg,1200,800,118145,,true
sha256:198ad7b1c7918f79377af02b8a350eceade0f97f17b3c6a53c56908143b8b55f,sanity/gallery/source/others/residential/others/others-001.jpg,Çelik Ev/1.jpg,Prefabrik Ev/22.jpg,others,residential,others,prefabricated-houses/residential/others|steel-houses/residential/others,Two-storey residential villa,Exterior view of a modern two-storey residential villa with landscaped entrance.,,1,hero,medium,misclassified-source,unknown,true,true,,jpeg,1200,800,170913,,true
sha256:0218514ba0e2baa9ada97340217bcf4a9c14855f666025be28695fd018c9dafc,sanity/gallery/source/others/residential/others/others-002.jpg,Çelik Ev/3.jpg,Prefabrik Ev/17.jpg,others,residential,others,prefabricated-houses/residential/others|steel-houses/residential/others,Single-storey residential home,Exterior front view of a single-storey residential home with pitched roof.,,2,alternate-exterior,medium,misclassified-source,unknown,true,true,,jpeg,1200,800,80609,,true
sha256:1a8cc842e44374da0486395f51333060dffd296faf2204db0e16cc47d06fdf30,sanity/gallery/source/others/residential/others/others-003.jpg,Çelik Ev/6.jpg,Prefabrik Ev/20.jpg,others,residential,others,prefabricated-houses/residential/others|steel-houses/residential/others,Detached residential home,Two-storey detached residential house with modern exterior cladding and balconies.,,3,alternate-exterior,medium,misclassified-source,unknown,true,true,,jpeg,1200,800,137894,,true
sha256:2437e4f3cd344c37fd7e455c8c8651960a0dc996ccec1ac37123347916a71167,sanity/gallery/source/others/residential/others/others-004.jpg,Çelik Ev/7.jpg,Prefabrik Ev/21.jpg,others,residential,others,prefabricated-houses/residential/others|steel-houses/residential/others,Suburban residential house,Exterior shot of a two-storey residential building with tiled roof.,,4,alternate-exterior,medium,misclassified-source,unknown,true,true,,jpeg,1200,800,143434,,true
sha256:59a97c3034dce6909bce55b55903be70f563da890e9fc317eda980af67311652,sanity/gallery/source/others/residential/others/others-005.jpg,Çelik Ev/8.jpg,Prefabrik Ev/12.jpg,others,residential,others,prefabricated-houses/residential/others|steel-houses/residential/others,Modern two-storey residence,Side and front perspective of a modern two-storey residential home.,,5,alternate-exterior,medium,misclassified-source,unknown,true,true,,jpeg,1200,800,106214,,true
sha256:2e2b7326ea5c41b6b5167a4234659a17450755cc62a013923a5b08a1b85d867e,sanity/gallery/source/prefabricated-buildings/accommodation/espa-sili/espa-sili-001.jpg,Prefabrik yapı/Prefabrik Yatakhane/Prefabrik_Yatakhane_Espa_Sili_3.jpeg,,prefabricated-buildings,accommodation,espa-sili,,ESPA prefabricated worker dormitory in Chile,Prefabricated two-storey worker accommodation dormitory building for ESPA in Chile.,,1,hero,high,,unknown,true,true,,jpeg,1600,900,211318,,false
sha256:5fc067f0928ed376ed0abbd18e3046d443e7ac30f90721f5e6c24251b8eb4906,sanity/gallery/source/prefabricated-buildings/accommodation/mavi-istanbul/mavi-istanbul-002.jpg,Prefabrik yapı/Prefabrik Yatakhane/Prefabrik_Yatakhane_Mavi_istanbul_1.JPG,,prefabricated-buildings,accommodation,mavi-istanbul,prefabricated-buildings/construction-site/mavi-istanbul,Mavi Istanbul prefabricated accommodation block,Large prefabricated multi-storey worker accommodation block at Mavi Istanbul project.,,2,alternate-exterior,high,,unknown,true,true,,jpeg,4288,2848,5624831,2017-04-01T11:01:11,true
sha256:78f329b041164052f00223b024e0ff9a7a265633c70a547f0ef0239707833e83,sanity/gallery/source/prefabricated-buildings/accommodation/others/others-001.jpg,Prefabrik yapı/Prefabrik Yatakhane/11.jpg,,prefabricated-buildings,accommodation,others,,Prefabricated worker dormitory building,Two-storey modular prefabricated worker dormitory with covered entrance.,,1,hero,high,,unknown,true,true,,jpeg,1200,800,55974,,true
sha256:7ffd7f8374cbf4f290496d075f4856bf1598e57d33f27d679372a6efcf3a2d8a,sanity/gallery/source/prefabricated-buildings/accommodation/others/others-002.jpg,Prefabrik yapı/Prefabrik Yatakhane/DSC_4389.JPG,,prefabricated-buildings,accommodation,others,,Prefabricated camp accommodation block,High resolution exterior photograph of prefabricated camp accommodation units.,,2,alternate-exterior,high,camera-serial-metadata,unknown,true,true,,jpeg,5568,3712,8626048,2022-11-11T15:58:00,true
sha256:a44363953e4d3ead9fe2b38e3e4cefdde2fa44a9d6b2e2c32f42a6e7b6560603,sanity/gallery/source/prefabricated-buildings/accommodation/others/others-003.jpg,Prefabrik yapı/Prefabrik Yatakhane/Resim 102.jpg,,prefabricated-buildings,accommodation,others,,Prefabricated dormitory complex on gravel site,Prefabricated dormitory complex installed on gravel foundation.,,3,alternate-exterior,high,,unknown,true,true,,jpeg,3648,2736,3898014,2009-12-16T11:55:28,true
sha256:ee7305859ae123115bf62f89c2c30c0a1ed84900c8a5c39cfd0d425ec2cca641,sanity/gallery/source/prefabricated-buildings/accommodation/others/others-004.jpg,Prefabrik yapı/Prefabrik Yatakhane/WhatsApp Image 2022-11-27 at 18.53.56.jpeg,,prefabricated-buildings,accommodation,others,,Prefabricated residential building tall facade,Tall front facade of a multi-storey prefabricated residential dormitory.,,4,secondary,high,portrait,unknown,true,false,,jpeg,1200,1600,206187,,false
sha256:28aaaeba119ded9d1aee039796b18a985c16bc570d79d049d2c39032a2bccd22,sanity/gallery/source/prefabricated-buildings/accommodation/others/others-005.jpg,Prefabrik yapı/Prefabrik Otel/13.jpg,,prefabricated-buildings,accommodation,others,,Prefabricated hotel and holiday resort building,Exterior shot of a two-storey prefabricated holiday resort accommodation lodge.,,5,alternate-exterior,high,,unknown,true,true,,jpeg,1200,800,95305,,true
sha256:1b1d841bb0c75f0c5c9c7c0f9bffb014373c4e2448ccfa4114fafb6ced2933af,sanity/gallery/source/prefabricated-buildings/accommodation/others/others-006.jpg,Prefabrik yapı/Prefabrik Otel/17.jpg,,prefabricated-buildings,accommodation,others,,Resort hotel bedroom interior,Spacious furnished bedroom interior with double bed in a prefabricated hotel unit.,,6,interior-wide,high,,unknown,true,true,,jpeg,1200,800,146680,,true
sha256:07a54bc52472a2d6fedf5cbcdc757dfb61273f7fce84d727d29a6eda7a87bf42,sanity/gallery/source/prefabricated-buildings/accommodation/others/others-007.jpg,Prefabrik yapı/Prefabrik Otel/DSC_2934.JPG,,prefabricated-buildings,accommodation,others,,Modular hospitality lodge exterior,High resolution exterior view of a modular hospitality lodge building.,,7,alternate-exterior,high,camera-serial-metadata,unknown,true,true,,jpeg,5568,3712,8737477,2021-10-19T16:27:39,true
sha256:421eea1f3190574618eed1d1187bcb882d233d2eb20a3e9f3aaf10289050869d,sanity/gallery/source/prefabricated-buildings/accommodation/others/others-008.jpg,Prefabrik yapı/Prefabrik Otel/DSC_5224.JPG,,prefabricated-buildings,accommodation,others,,Prefabricated accommodation complex facade,Two-storey prefabricated guest accommodation complex with modern balconies.,,8,alternate-exterior,high,camera-serial-metadata,unknown,true,true,,jpeg,5568,3712,11613858,2023-04-29T15:15:39,true
sha256:886be728943fea011706237c8d10d37d9bccab1e47ff639c6c38b8d6268e29dd,sanity/gallery/source/prefabricated-buildings/accommodation/others/others-009.jpg,Prefabrik yapı/Prefabrik Otel/DSC_5655.JPG,,prefabricated-buildings,accommodation,others,,Modular guest house building view,Exterior perspective of a multi-room modular guest house.,,9,alternate-exterior,high,camera-serial-metadata,unknown,true,true,,jpeg,5568,3712,12541871,2024-05-02T10:53:43,true
sha256:bb99465222402bb6cf9b8a2a9f2b302e356e17073fe5637b8043d66016b4b14a,sanity/gallery/source/prefabricated-buildings/accommodation/others/others-010.jpg,Prefabrik yapı/Prefabrik Otel/WhatsApp Image 2021-07-09 at 15.51.48.jpeg,,prefabricated-buildings,accommodation,others,,Prefabricated motel units on site,Prefabricated motel accommodation units installed in landscaped grounds.,,10,alternate-exterior,high,,unknown,true,true,,jpeg,2016,1512,494829,,false
sha256:fc10cbdfa4a9b6ea38088a494d50077f999939ba6f333a1521bc7857519cd05b,sanity/gallery/source/prefabricated-buildings/accommodation/others/others-011.jpg,Prefabrik yapı/Prefabrik Otel/WhatsApp Image 2022-06-10 at 11.25.00.jpeg,,prefabricated-buildings,accommodation,others,,Holiday village prefabricated bungalows,Row of prefabricated bungalows in a holiday village setting.,,11,alternate-exterior,high,,unknown,true,true,,jpeg,1600,757,267163,,false
sha256:8d720064e0d9ae63030e77bb22d574b8c1a698e5c55a1cebef3b1fb7514bc79e,sanity/gallery/source/prefabricated-buildings/construction-site/abu-hamed-altin-madeni-sudan/abu-hamed-altin-madeni-sudan-001.jpg,Prefabrik yapı/Prefabrik Şantiye/ABU_HAMED_ALTIN_Madeni_Sudan_21Bina_3628m2 .jpg,,prefabricated-buildings,construction-site,abu-hamed-altin-madeni-sudan,,Abu Hamed gold mine prefabricated camp in Sudan,21-building prefabricated worker camp complex totaling 3628 sqm at Abu Hamed gold mine in Sudan.,,1,hero,high,,unknown,true,true,,jpeg,3321,1149,898181,,false
sha256:944df21d2f0ac53dbe49b4b510d79ddbff13fb610fbcfc9d07016d032e3a76d0,sanity/gallery/source/prefabricated-buildings/construction-site/bp-azfen-sahdeniz-2/bp-azfen-sahdeniz-2-001.jpg,Prefabrik yapı/Prefabrik Şantiye/BP_Azfen_Sahdeniz_2_IMG_6896.JPG,,prefabricated-buildings,construction-site,bp-azfen-sahdeniz-2,,BP Azfen Shah Deniz 2 prefabricated site buildings,Prefabricated construction site management buildings for BP Azfen at Shah Deniz 2 project.,,1,hero,high,,unknown,true,true,,jpeg,5184,3456,3314171,2013-10-22T10:50:16,true
sha256:b1175c65e9365b9c24485581ab647324f3d6393427d1ab3a928a4226c1e16c47,sanity/gallery/source/prefabricated-buildings/construction-site/istanbul-havaalani-orkun/istanbul-havaalani-orkun-001.jpg,Prefabrik yapı/Prefabrik Şantiye/istanbul_havaalani_orkun_hava_5.JPG,,prefabricated-buildings,construction-site,istanbul-havaalani-orkun,,Prefabricated site camp at Istanbul Airport project,Prefabricated construction worker camp facilities for Orkun at the new Istanbul Airport site.,,1,hero,high,exif-comment-metadata|gps-metadata,unknown,true,true,,jpeg,4608,2592,5342416,2016-02-28T14:47:47,true
sha256:cf617614fb3a90ac2383ee36fc997e428796120ca54ae72a92a7e730ac3ed91f,sanity/gallery/source/prefabricated-buildings/construction-site/mavi-istanbul/mavi-istanbul-001.jpg,Prefabrik yapı/Prefabrik Şantiye/Prefabrik_Yatakhane_Mavi_istanbul_2.JPG,,prefabricated-buildings,construction-site,mavi-istanbul,prefabricated-buildings/accommodation/mavi-istanbul,Mavi Istanbul prefabricated construction worker dormitory,Two-storey prefabricated worker dormitory building at Mavi Istanbul construction project.,,1,hero,high,,unknown,true,true,,jpeg,4288,2848,6219192,2017-04-01T10:44:47,true
sha256:828072d888f311b99195250e78272a7ea489a682b8f7dc539a38c035742ad180,sanity/gallery/source/prefabricated-buildings/construction-site/others/others-001.jpg,Prefabrik yapı/Prefabrik Şantiye/DSC_4386.JPG,,prefabricated-buildings,construction-site,others,,Prefabricated construction camp complex,High resolution photograph of multi-building prefabricated site camp setup.,,1,hero,high,camera-serial-metadata,unknown,true,true,,jpeg,5568,3712,8532997,2022-11-11T15:57:03,true
sha256:0fb691d68b4c7f2298cbe70aedc5522bc4157329d00e4783111ac5eb2afc52a4,sanity/gallery/source/prefabricated-buildings/construction-site/others/others-002.jpg,Prefabrik yapı/Prefabrik Şantiye/IMG-20191231-WA0007.jpg,,prefabricated-buildings,construction-site,others,,Mining camp prefabricated buildings,Prefabricated accommodation and office buildings installed for a mining operation.,,2,alternate-exterior,high,,unknown,true,true,,jpeg,1024,768,112685,,false
sha256:74eb8fdf98b7bbcca7818ee0fa049780aef5163a6e409dbc5165566bd32240df,sanity/gallery/source/prefabricated-buildings/construction-site/others/others-003.jpg,Prefabrik yapı/Prefabrik Şantiye/WhatsApp Image 2018-03-05 at 04.34.54.jpeg,,prefabricated-buildings,construction-site,others,,Field project prefabricated facility,Prefabricated field project facility on desert terrain.,,3,alternate-exterior,high,,unknown,true,true,,jpeg,1600,1200,275172,,false
sha256:5a711dd3e928e8e17c4491cdba97e4a494004d6e5fff05b280bccf9d3117f554,sanity/gallery/source/prefabricated-buildings/construction-site/others/others-004.jpg,Prefabrik yapı/Prefabrik Şantiye/WhatsApp Image 2022-11-07 at 13.15.32.jpeg,,prefabricated-buildings,construction-site,others,,Industrial site prefabricated building,Prefabricated industrial site building with external air conditioning units.,,4,alternate-exterior,high,,unknown,true,true,,jpeg,1600,1200,193906,,false
sha256:68055aec909b7e690818dc336ddb90fda5581cc641cfd8495e5c93a650a2ed80,sanity/gallery/source/prefabricated-buildings/construction-site/others/others-080.jpg,Prefabrik yapı/Prefabrik Şantiye/MONAJ RESòM 01 03 2021 (9).jpeg,,prefabricated-buildings,construction-site,others,,Prefabricated site building assembly progress,Workers assembling prefabricated steel frame and sandwich panels on site.,,80,construction-progress,high,construction-progress,unknown,true,false,,jpeg,1528,912,155600,,false
sha256:acd07b22d5ab88d20b4a996370a402a2eeca402c967f3a2a95dfafde15a39e25,sanity/gallery/source/prefabricated-buildings/construction-site/sudiarabistan-tureyf-epsa/sudiarabistan-tureyf-epsa-001.jpg,Prefabrik yapı/Prefabrik Şantiye/Sudiarabistan_Tureyf_Prefabrik_Kamp_EPSA_4.jpeg,,prefabricated-buildings,construction-site,sudiarabistan-tureyf-epsa,,EPSA prefabricated camp in Turaif Saudi Arabia,"Prefabricated worker and engineer accommodation camp for EPSA in Turaif, Saudi Arabia.",,1,hero,high,,unknown,true,true,,jpeg,1600,1200,109035,,false
sha256:30e8f170d44d5af93ee6bd91813d952ef313126b5b1a23abf23f53bd1aa9d2e0,sanity/gallery/source/prefabricated-buildings/dining/istanbul-havaalani-orkun/istanbul-havaalani-orkun-001.jpg,Prefabrik yapı/Prefabrik Yemekhane/istanbul_havaalani_orkun_hava_7.JPG,,prefabricated-buildings,dining,istanbul-havaalani-orkun,,Istanbul Airport project worker dining hall interior,Spacious prefabricated dining hall interior equipped with dining tables for workers at Istanbul Airport.,,1,hero,high,exif-comment-metadata|gps-metadata,unknown,true,true,,jpeg,4608,2592,5336484,2016-02-28T14:48:58,true
sha256:c5de2ca8aee876bc8120e4b90c77f2aa47297b082e2a31b61da619e65328c66e,sanity/gallery/source/prefabricated-buildings/dining/mahmut-bayram-ihl/mahmut-bayram-ihl-001.jpg,Prefabrik yapı/Prefabrik Yemekhane/Okul_Kantini_Mahmut_Bayram_ihl_3.JPG,,prefabricated-buildings,dining,mahmut-bayram-ihl,prefabricated-buildings/education/mahmut-bayram-ihl,Mahmut Bayram IHL school cafeteria building,Exterior facade of the prefabricated school cafeteria and canteen building at Mahmut Bayram IHL.,,1,hero,high,,unknown,true,true,,jpeg,4288,2848,5283152,2017-04-15T08:26:27,true
sha256:ccf20878906b3da787a1c2f930319c5738b6cd70381f3bf309e6ba6cd1ce968e,sanity/gallery/source/prefabricated-buildings/dining/others/others-001.jpg,Prefabrik yapı/Prefabrik Yemekhane/9.jpg,,prefabricated-buildings,dining,others,,Prefabricated cafeteria dining hall building,Exterior view of a modular prefabricated dining hall facility for workforce dining.,,1,hero,high,,unknown,true,true,,jpeg,1200,800,56241,,true
sha256:66883e1eba509011dbfa042ebda8633ecfc3b8ebb1a65d81d5ec876e3eead25b,sanity/gallery/source/prefabricated-buildings/dining/others/others-002.jpg,Prefabrik yapı/Prefabrik Yemekhane/DSC_2255.JPG,,prefabricated-buildings,dining,others,,Prefabricated dining hall serving line,Interior view of food service counters and tables in a large prefabricated dining facility.,,2,interior-wide,high,camera-serial-metadata|possible-duplicate,unknown,true,true,sha256:91b1021706757c8f401987fe18e01f3bc43ce0e05e64c52a35c033be0ee780f7|sha256:f58ae111ad243d21abe370ef1289db555cb8f6793e229bacd3a11e1348095a40,jpeg,5568,3712,10038955,2021-08-04T10:41:00,true
sha256:f58ae111ad243d21abe370ef1289db555cb8f6793e229bacd3a11e1348095a40,sanity/gallery/source/prefabricated-buildings/dining/others/others-003.jpg,Prefabrik yapı/Prefabrik Yemekhane/DSC_2257.JPG,,prefabricated-buildings,dining,others,,Worker dining hall seating area,Wide interior view of dining tables and chairs inside a prefabricated worker cafeteria.,,3,interior-wide,high,camera-serial-metadata|possible-duplicate,unknown,true,true,sha256:66883e1eba509011dbfa042ebda8633ecfc3b8ebb1a65d81d5ec876e3eead25b|sha256:91b1021706757c8f401987fe18e01f3bc43ce0e05e64c52a35c033be0ee780f7,jpeg,5568,3712,11297058,2021-08-04T10:43:20,true
sha256:91b1021706757c8f401987fe18e01f3bc43ce0e05e64c52a35c033be0ee780f7,sanity/gallery/source/prefabricated-buildings/dining/others/others-004.jpg,Prefabrik yapı/Prefabrik Yemekhane/DSC_2272.JPG,,prefabricated-buildings,dining,others,,Commercial dining facility interior finish,Perspective showing clean floor and ceiling ventilation in prefabricated commercial dining hall.,,4,interior-detail,high,camera-serial-metadata|possible-duplicate,unknown,true,false,sha256:66883e1eba509011dbfa042ebda8633ecfc3b8ebb1a65d81d5ec876e3eead25b|sha256:f58ae111ad243d21abe370ef1289db555cb8f6793e229bacd3a11e1348095a40,jpeg,5568,3712,9581453,2021-08-04T10:45:24,true
sha256:c52937df960cfffb91820689304b49b3156bcd369bf067f24457c697eace7f27,sanity/gallery/source/prefabricated-buildings/dining/others/others-005.jpg,Prefabrik yapı/Prefabrik Yemekhane/DSC_3374.JPG,,prefabricated-buildings,dining,others,,Prefabricated mess hall building exterior,High resolution exterior view of a modular prefabricated mess hall building.,,5,alternate-exterior,high,camera-serial-metadata,unknown,true,true,,jpeg,5568,3712,8821537,2022-03-30T13:54:07,true
sha256:8e1ab7ca353584188c9e0002662d286f93606790aa039d799c601c0f3bb180e2,sanity/gallery/source/prefabricated-buildings/dining/others/others-006.jpg,Prefabrik yapı/Prefabrik Yemekhane/DSC02441.JPG,,prefabricated-buildings,dining,others,,Large scale camp dining hall interior,Spacious interior of a large prefabricated workforce dining hall.,,6,interior-wide,high,possible-duplicate,unknown,true,true,sha256:dd127e83ee3a515b84eba7be9c002231b191c8f095f70b8e29ab0ea9619b1041,jpeg,4000,3000,4427962,2010-02-08T14:37:30,true
sha256:dd127e83ee3a515b84eba7be9c002231b191c8f095f70b8e29ab0ea9619b1041,sanity/gallery/source/prefabricated-buildings/dining/others/others-007.jpg,Prefabrik yapı/Prefabrik Yemekhane/DSC02479.JPG,,prefabricated-buildings,dining,others,,Camp dining hall seating rows,Rows of dining tables and chairs inside a prefabricated workforce mess hall.,,7,interior-wide,high,possible-duplicate,unknown,true,true,sha256:8e1ab7ca353584188c9e0002662d286f93606790aa039d799c601c0f3bb180e2,jpeg,4000,3000,4073518,2010-02-08T14:49:29,true
sha256:c491776ada603e3b8679bc75ef1256f91efcef875917b6ed0bca6fcc82c3037a,sanity/gallery/source/prefabricated-buildings/education/golcuk-anaokulu/golcuk-anaokulu-001.jpg,Prefabrik yapı/Prefabrik Okul/Prefabrik_Anaokulu_Golcuk_2.JPG,,prefabricated-buildings,education,golcuk-anaokulu,,Prefabricated primary school building in Golcuk,Exterior view of the single-storey prefabricated primary school building in Golcuk.,,1,hero,high,,unknown,true,true,,jpeg,4288,2848,5244211,2015-12-14T13:22:09,true
sha256:823b43f2d57d38166f97bc36dd6ac1987a7fe91302bf36d5e1d551c884ae2ad1,sanity/gallery/source/prefabricated-buildings/education/nallihan-anaokulu/nallihan-anaokulu-001.jpg,Prefabrik yapı/Prefabrik Okul/Nallihan_Anaokulu_Melih_1.jpeg,,prefabricated-buildings,education,nallihan-anaokulu,,Prefabricated kindergarten school in Nallihan,Exterior facade of the colourful prefabricated nursery and kindergarten building in Nallihan.,,1,hero,high,,unknown,true,true,,jpeg,2048,1536,510899,,false
sha256:4b08bc95f37ba9e2a4c265c64279ffa9d6b3308cb76128c1209025fbd5ab1bac,sanity/gallery/source/prefabricated-buildings/education/others/others-001.jpg,Prefabrik yapı/Prefabrik Okul/10.jpg,,prefabricated-buildings,education,others,,Prefabricated school building complex,Two-storey prefabricated school building complex with large classroom windows.,,1,hero,high,,unknown,true,true,,jpeg,1200,800,140831,,true
sha256:3ecdf8ecd76081f115a3ca403e685501b71a837d05375a0cf517a7905f3f071d,sanity/gallery/source/prefabricated-buildings/education/others/others-002.jpg,Prefabrik yapı/Prefabrik Okul/12.jpg,,prefabricated-buildings,education,others,,Modular school building entrance,Main entrance of a single-storey modular school facility.,,2,alternate-exterior,high,,unknown,true,true,,jpeg,1200,800,68000,,true
sha256:a7641c3766b51ee24d851494bcfb3f6e96eaa2cb61e9d5a7069235885dc9e55e,sanity/gallery/source/prefabricated-buildings/education/others/others-003.jpg,Prefabrik yapı/Prefabrik Okul/14.jpg,,prefabricated-buildings,education,others,,Prefabricated classroom building facade,Classroom wing facade of a modern prefabricated educational facility.,,3,alternate-exterior,high,,unknown,true,true,,jpeg,1200,800,69851,,true
sha256:cc4e2a44b515ab7d1139cddc042a0cdf1091c3c68e36175ad955ad874905ad1b,sanity/gallery/source/prefabricated-buildings/education/others/others-004.jpg,Prefabrik yapı/Prefabrik Okul/15.jpg,,prefabricated-buildings,education,others,,Prefabricated school hallway corridor,Bright interior hallway corridor connecting classrooms in a prefabricated school.,,4,interior-wide,high,,unknown,true,true,,jpeg,1200,800,100637,,true
sha256:56c2ac7a77dd226639f3831896bd07bc54e242f20724171fc7368e194030d626,sanity/gallery/source/prefabricated-buildings/education/others/others-005.jpg,Prefabrik yapı/Prefabrik Okul/16.jpg,,prefabricated-buildings,education,others,,Prefabricated classroom interior,"Finished classroom interior equipped with desks, chairs, and whiteboards.",,5,interior-wide,high,,unknown,true,true,,jpeg,1200,800,61306,,true
sha256:b99dd90221e5c897259bfe48ff2b1313f4a88fc4eee2aa62482a46c94da89b79,sanity/gallery/source/prefabricated-buildings/education/others/others-006.jpg,Prefabrik yapı/Prefabrik Okul/DSC_2787.JPG,,prefabricated-buildings,education,others,,High resolution prefabricated school exterior,High resolution photograph of a prefabricated educational building exterior.,,6,alternate-exterior,high,camera-serial-metadata,unknown,true,true,,jpeg,5568,3712,10337258,2021-10-19T11:51:00,true
sha256:4a0cc48749c75d33f31b05b49f5a66a39c6965dca704cf3e6a20db464d4e5a35,sanity/gallery/source/prefabricated-buildings/education/others/others-007.jpg,Prefabrik yapı/Prefabrik Okul/DSC_5149.JPG,,prefabricated-buildings,education,others,,Modular education building angle view,Angled perspective of an insulated modular school building.,,7,alternate-exterior,high,camera-serial-metadata,unknown,true,true,,jpeg,5568,3712,10194181,2023-04-29T14:57:40,true
sha256:fd55e9c5ff13c134ee1791b479b2a2042f3d227790a71a8bd56524eccbdc73f7,sanity/gallery/source/prefabricated-buildings/education/others/others-008.jpg,Prefabrik yapı/Prefabrik Okul/DSC_5159.JPG,,prefabricated-buildings,education,others,,School building front perspective,Front perspective of a prefabricated school campus building.,,8,alternate-exterior,high,camera-serial-metadata,unknown,true,true,,jpeg,5568,3712,10901431,2023-04-29T15:01:18,true
sha256:30b01171e9877b318aeb80889b01b816cc126f4a351a6760e1fd0a57b1ad5ef4,sanity/gallery/source/prefabricated-buildings/education/others/others-009.jpg,Prefabrik yapı/Prefabrik Okul/DSC_5494.JPG,,prefabricated-buildings,education,others,,Contemporary modular school facade,Contemporary modular school facade with finished landscaping.,,9,alternate-exterior,high,camera-serial-metadata,unknown,true,true,,jpeg,5568,3712,12527374,2023-06-16T13:32:04,true
sha256:f98f98aabc4a96b8d63a08d4f144de6b12a8044f1e95adb3dc688e4e284db50b,sanity/gallery/source/prefabricated-buildings/education/others/others-010.jpg,Prefabrik yapı/Prefabrik Okul/image_6483441-5.JPG,,prefabricated-buildings,education,others,,Schoolyard with children outside prefabricated school,Children gathered in the schoolyard in front of a prefabricated classroom building.,Photo contains visible children in schoolyard; rights and privacy review required before public upload.,10,secondary,medium,low-resolution|people-or-privacy,review-required,false,false,,jpeg,1024,576,189077,,true
sha256:a0bae78ca3e530f32ae7da6fd676da43d98303a99c9fb99f9c778103f00dbab1,sanity/gallery/source/prefabricated-buildings/office/cinardere-beyaz/cinardere-beyaz-001.jpg,Prefabrik yapı/Prefabrik Ofis/Celik_Ofis_Cinardere_Beyaz_1.JPG,,prefabricated-buildings,office,cinardere-beyaz,,Cinardere prefabricated office building front facade,Front exterior view of two-storey white prefabricated office building at Cinardere.,,1,hero,high,possible-duplicate,unknown,true,true,sha256:041d35660720b5172820c652d37f99fb3c4b9fa6fa7427508908008871e9f7f7,jpeg,4288,2848,4695998,2017-12-15T15:08:43,true
sha256:041d35660720b5172820c652d37f99fb3c4b9fa6fa7427508908008871e9f7f7,sanity/gallery/source/prefabricated-buildings/office/cinardere-beyaz/cinardere-beyaz-002.jpg,Prefabrik yapı/Prefabrik Ofis/Celik_Ofis_Cinardere_Beyaz_7.JPG,,prefabricated-buildings,office,cinardere-beyaz,,Cinardere office building angle perspective,Angle view of the two-storey prefabricated commercial office at Cinardere.,,2,alternate-exterior,high,possible-duplicate,unknown,true,true,sha256:a0bae78ca3e530f32ae7da6fd676da43d98303a99c9fb99f9c778103f00dbab1,jpeg,4288,2848,4295602,2017-12-15T15:26:38,true
sha256:d2590108feb536f1fb911fe2158be07d15333e388ce6b0657493f6cccf70d0cf,sanity/gallery/source/prefabricated-buildings/office/marmara-kule/marmara-kule-001.jpg,Prefabrik yapı/Prefabrik Ofis/Celik_Ofis_Marmara_Kule_8.JPG,,prefabricated-buildings,office,marmara-kule,,Marmara Kule sales office building exterior,Modern prefabricated sales office building exterior with glass curtain walls for Marmara Kule.,,1,hero,high,possible-duplicate,unknown,true,true,sha256:1d39bd92c9ccddf671c31c4c8351bd349d75df0bf40cc5cc673af2013c612f13,jpeg,4288,2848,4295576,2015-12-15T10:52:43,true
sha256:1d39bd92c9ccddf671c31c4c8351bd349d75df0bf40cc5cc673af2013c612f13,sanity/gallery/source/prefabricated-buildings/office/marmara-kule/marmara-kule-002.jpg,Prefabrik yapı/Prefabrik Ofis/Celik_Ofis_Marmara_Kule_10.JPG,,prefabricated-buildings,office,marmara-kule,,Marmara Kule sales office entrance view,Entrance facade perspective of the Marmara Kule prefabricated office building.,,2,alternate-exterior,high,possible-duplicate,unknown,true,true,sha256:d2590108feb536f1fb911fe2158be07d15333e388ce6b0657493f6cccf70d0cf,jpeg,4288,2848,4591222,2015-12-15T10:55:05,true
sha256:1618edd9cade8388483eae771fcc46fafd7183e4b8ef3261cb863ce014234cda,sanity/gallery/source/prefabricated-buildings/office/others/others-001.jpg,Prefabrik yapı/Prefabrik Ofis/1.jpg,,prefabricated-buildings,office,others,,Prefabricated administrative office building,Exterior view of a two-storey modular prefabricated administrative office building.,,1,hero,high,,unknown,true,true,,jpeg,1200,800,114501,,true
sha256:7f6f58d65e0c1d1b82f37ee1c474e7cffb616e00438ef5f068afe59559575520,sanity/gallery/source/prefabricated-buildings/office/others/others-002.jpg,Prefabrik yapı/Prefabrik Ofis/2.jpg,,prefabricated-buildings,office,others,,Prefabricated office front entrance,Front entrance porch of a single-storey prefabricated commercial office.,,2,alternate-exterior,high,,unknown,true,true,,jpeg,1200,800,67381,,true
sha256:ce355d33b590fc92c5aa52a0b3dc566cffd1aa5fc4c6d1b9478fd0f865c34368,sanity/gallery/source/prefabricated-buildings/office/others/others-003.jpg,Prefabrik yapı/Prefabrik Ofis/3.jpg,,prefabricated-buildings,office,others,,Commercial prefabricated office facade,Modern exterior facade of a prefabricated business headquarters.,,3,alternate-exterior,high,,unknown,true,true,,jpeg,1200,800,114608,,true
sha256:a6bc32e0f238a7f87566482b4050ad77d246ff1dec93f63cfc076f24d60a8040,sanity/gallery/source/prefabricated-buildings/office/others/others-004.jpg,Prefabrik yapı/Prefabrik Ofis/4.jpg,,prefabricated-buildings,office,others,,Modular office building angle shot,Angled perspective of a two-storey prefabricated office facility.,,4,alternate-exterior,high,,unknown,true,true,,jpeg,1200,800,115307,,true
sha256:f4f532d2d715d822d5f04243c9180810501fe0cd5bb50f82214d2331baf98f33,sanity/gallery/source/prefabricated-buildings/office/others/others-005.jpg,Prefabrik yapı/Prefabrik Ofis/5.jpg,,prefabricated-buildings,office,others,,Prefabricated company office exterior,Exterior facade of a prefabricated commercial workspace with decorative cladding.,,5,alternate-exterior,high,,unknown,true,true,,jpeg,1200,800,119721,,true
sha256:7362c6fdb428d13b138b1e99d0316ab0ce6c6a0fa9fab5f52df041f356ccaf6f,sanity/gallery/source/prefabricated-buildings/office/others/others-006.jpg,Prefabrik yapı/Prefabrik Ofis/6.jpg,,prefabricated-buildings,office,others,,Prefabricated office building side view,Side exterior perspective of a two-storey prefabricated office building.,,6,alternate-exterior,high,,unknown,true,true,,jpeg,1200,800,124257,,true
sha256:af6b509fc2737b585477be40a1e7b89ca221b362f37610682b90dfd7d8cf7fbd,sanity/gallery/source/prefabricated-buildings/office/others/others-007.jpg,Prefabrik yapı/Prefabrik Ofis/7.jpg,,prefabricated-buildings,office,others,,Prefabricated office reception interior,Interior reception and lobby area inside a prefabricated corporate office.,,7,interior-wide,high,,unknown,true,true,,jpeg,1200,800,116615,,true
sha256:8c2d999f4b11ac2ab92d6e627ea22fbb3a33633fbfcc9044a381501a682b5831,sanity/gallery/source/prefabricated-buildings/office/others/others-008.jpg,Prefabrik yapı/Prefabrik Ofis/8.jpg,,prefabricated-buildings,office,others,,Prefabricated office conference room,Spacious meeting room interior with conference table inside a prefabricated building.,,8,interior-wide,high,,unknown,true,true,,jpeg,1200,800,94427,,true
sha256:f70afb30183c4a018459f7ce94e7a234b7c9b5a9f4e97f01dde12e19fcce8c74,sanity/gallery/source/prefabricated-buildings/office/others/others-009.jpg,Prefabrik yapı/Prefabrik Ofis/DSC_0167.JPG,,prefabricated-buildings,office,others,,Completed prefabricated office complex,High resolution photograph of a large completed prefabricated office complex.,,9,alternate-exterior,high,,unknown,true,true,,jpeg,4288,2848,3208845,2011-04-09T11:41:05,true
sha256:dc87a5045de22d73accd311e55397fb8738bf71827d0fe8cd44f097aba219c50,sanity/gallery/source/prefabricated-buildings/office/others/others-010.jpg,Prefabrik yapı/Prefabrik Ofis/DSC_3201.JPG,,prefabricated-buildings,office,others,,Prefabricated administrative building facade,Detailed facade of a modular prefabricated administrative building.,,10,alternate-exterior,high,camera-serial-metadata,unknown,true,true,,jpeg,5568,3712,9295134,2022-03-30T09:34:26,true
sha256:7c1296dbbe49dd708a55280b5ba5a2f4cfd0f8201c89c67457d354eeea223166,sanity/gallery/source/prefabricated-buildings/office/others/others-011.jpg,Prefabrik yapı/Prefabrik Ofis/DSC_3344.JPG,,prefabricated-buildings,office,others,,Modern prefabricated office exterior,Modern exterior design of a prefabricated corporate building.,,11,alternate-exterior,high,camera-serial-metadata,unknown,true,true,,jpeg,5568,3712,9774590,2022-03-30T12:44:35,true
sha256:dc6a448d095557aa0266d9e345947872d70d4495f1e270cbab5c0606ac7a3ecc,sanity/gallery/source/prefabricated-buildings/office/others/others-012.jpg,Prefabrik yapı/Prefabrik Ofis/DSC_3357.JPG,,prefabricated-buildings,office,others,,Two-storey prefabricated office wing,Side wing perspective of a two-storey modular office building.,,12,alternate-exterior,high,camera-serial-metadata,unknown,true,true,,jpeg,5568,3712,9814609,2022-03-30T13:50:20,true
sha256:8dced5415018ce4c188c4dc2af38068e3cf062db92ec2b538843507c06f7b2d1,sanity/gallery/source/prefabricated-buildings/office/others/others-013.jpg,Prefabrik yapı/Prefabrik Ofis/DSC_3358.JPG,,prefabricated-buildings,office,others,,Prefabricated corporate headquarters view,Alternative angle view of the prefabricated corporate headquarters.,,13,alternate-exterior,high,camera-serial-metadata,unknown,true,true,,jpeg,5568,3712,10355050,2022-03-30T13:51:30,true
sha256:d50ddea4f6de72a5bf14226132f8aeb30da2c7d34d1dcfc2c9a00c909f7ab344,sanity/gallery/source/prefabricated-buildings/office/others/others-014.jpg,Prefabrik yapı/Prefabrik Ofis/DSC_5382.JPG,,prefabricated-buildings,office,others,,Prefabricated field management office,Crisp photograph of a prefabricated site management office.,,14,alternate-exterior,high,camera-serial-metadata,unknown,true,true,,jpeg,5568,3712,8993952,2023-06-16T10:49:32,true
sha256:46ae4ce8e4714bfa924aee897fe52118e95c17993cdd6265d72991db36208b91,sanity/gallery/source/prefabricated-buildings/office/others/others-015.jpg,Prefabrik yapı/Prefabrik Ofis/IMG_7741.jpg,,prefabricated-buildings,office,others,,Prefabricated office building installation,Prefabricated office building structure during final site handover.,,15,alternate-exterior,high,,unknown,true,true,,jpeg,3648,2736,4084999,2009-12-22T14:43:42,true
sha256:ff4423ef386ce446b02c4bd19258d57575189d68f91ebac4a059f343d004b4f8,sanity/gallery/source/prefabricated-buildings/office/others/others-016.jpg,Prefabrik yapı/Prefabrik Ofis/WhatsApp Image 2023-05-23 at 14.12.43 (1).jpeg,,prefabricated-buildings,office,others,,Prefabricated commercial unit exterior,Exterior view of a modular prefabricated commercial office unit.,,16,alternate-exterior,high,,unknown,true,true,,jpeg,1280,960,127242,,false
sha256:e487d2ab922593e823146e4799ef4419199ef8889977a354e7fd6af0aea66b71,sanity/gallery/source/prefabricated-buildings/office/others/others-017.jpg,Prefabrik yapı/Prefabrik Ofis/WhatsApp Image 2024-01-16 at 18.56.37.jpeg,,prefabricated-buildings,office,others,,Modular office installation overview,Overview of a multi-room prefabricated office structure.,,17,alternate-exterior,high,,unknown,true,true,,jpeg,1024,768,103176,,false
sha256:cedcf56c08fd008f3f1e795f4ef9bfd25eaed250388e5b7a2a0aa5280344ed87,sanity/gallery/source/prefabricated-buildings/office/others/others-018.jpg,Prefabrik yapı/Prefabrik Ofis/WhatsApp Image 2024-01-16 at 18.56.38.jpeg,,prefabricated-buildings,office,others,,Prefabricated office entrance steps,Entrance steps and veranda of a modular office building.,,18,alternate-exterior,high,,unknown,true,true,,jpeg,1024,768,112313,,false
sha256:d3e5b010b2b24684d0031cefe543347a372be4cb9317fce700e424dec6c8fc52,sanity/gallery/source/prefabricated-buildings/office/others/others-019.jpg,Prefabrik yapı/Prefabrik Ofis/WhatsApp Image 2024-01-16 at 18.56.41.jpeg,,prefabricated-buildings,office,others,,Prefabricated business facility side view,Side perspective of the modular business office facility.,,19,alternate-exterior,high,,unknown,true,true,,jpeg,1599,899,126355,,false
sha256:d45b10b6404f5a60c775c4d9ee05d59b1140251d628c933c67dd8f2cc2538aaf,sanity/gallery/source/prefabricated-buildings/office/sinpas-is-modern/sinpas-is-modern-001.jpg,Prefabrik yapı/Prefabrik Ofis/Celik_Ofis_Sinpas_is_Modern_34.JPG,,prefabricated-buildings,office,sinpas-is-modern,,Sinpas Is Modern site office building facade,Finished two-storey prefabricated commercial office building for Sinpas Is Modern.,,1,hero,high,possible-duplicate,unknown,true,true,sha256:6386e69908372f2445ceaa3d021ccce6c0ff0ef8f3bf1341a6b90b829b120b98,jpeg,4288,2848,5075673,2017-12-15T09:01:42,true
sha256:6386e69908372f2445ceaa3d021ccce6c0ff0ef8f3bf1341a6b90b829b120b98,sanity/gallery/source/prefabricated-buildings/office/sinpas-is-modern/sinpas-is-modern-002.jpg,Prefabrik yapı/Prefabrik Ofis/Celik_Ofis_Sinpas_is_Modern_35.JPG,,prefabricated-buildings,office,sinpas-is-modern,,Sinpas Is Modern office side perspective,Side view of the prefabricated site management office at Sinpas Is Modern.,,2,alternate-exterior,high,possible-duplicate,unknown,true,true,sha256:d45b10b6404f5a60c775c4d9ee05d59b1140251d628c933c67dd8f2cc2538aaf,jpeg,4288,2848,4898308,2017-12-15T09:03:05,true
sha256:2e188f370c271801cff70a0f26d2b09ad5aada8d0f78f1059b0bf6b24dfbc36f,sanity/gallery/source/prefabricated-buildings/sanitary/others/others-001.jpg,Prefabrik yapı/Prefabrik Wc/DSC_2970.JPG,,prefabricated-buildings,sanitary,others,,Prefabricated commercial sanitary building,Exterior shot of a modular prefabricated public toilet and sanitary facility.,,1,hero,high,camera-serial-metadata,unknown,true,true,,jpeg,5568,3712,9160028,2021-10-19T16:39:34,true
sha256:ba874bdd54f5036fe6d0c7f68450bb761954e6f651da226668260f5168933716,sanity/gallery/source/prefabricated-buildings/sanitary/others/others-002.jpg,Prefabrik yapı/Prefabrik Wc/DSC_2975.JPG,,prefabricated-buildings,sanitary,others,,Prefabricated WC facility entrance,Entrance doors to male and female sections of a prefabricated sanitary building.,,2,alternate-exterior,high,camera-serial-metadata,unknown,true,true,,jpeg,5568,3712,9040277,2021-10-19T16:40:42,true
sha256:a77a4b9953fa5fba8399f01038aec8d57e562e09ede4faf429b1990a2637d966,sanity/gallery/source/prefabricated-buildings/sanitary/others/others-003.jpg,Prefabrik yapı/Prefabrik Wc/DSC_3408.JPG,,prefabricated-buildings,sanitary,others,,Prefabricated washroom hand wash basins,Stainless steel and ceramic washbasin row inside a prefabricated communal sanitary facility.,,3,interior-wide,high,camera-serial-metadata|possible-duplicate,unknown,true,true,sha256:18665aae3b61106772e1a17b83efc4ef9fa8e59438b8956ea8acbbdc80c7aa37|sha256:20a6ffb59c16b899491cee02d753b39856c85424b7e5eca6b478ebf2c40b917b|sha256:2507f38c9689dc792a0cb37f96b3aff1b53a4288afdbd1e03d41fd5f571f4837|sha256:57fd19b2696e1561a45000674a09c290be195d50e2a2a3a7d9aed471819756d2|sha256:bb5d169b7accad95517d2d1eaa1d326a254982c09f4753b86f674b96f7a6f17d,jpeg,5568,3712,8547625,2022-03-30T14:00:27,true
sha256:bb5d169b7accad95517d2d1eaa1d326a254982c09f4753b86f674b96f7a6f17d,sanity/gallery/source/prefabricated-buildings/sanitary/others/others-004.jpg,Prefabrik yapı/Prefabrik Wc/DSC_3409.JPG,,prefabricated-buildings,sanitary,others,,Prefabricated sanitary cubicles interior,Row of privacy toilet cubicles with clean tiled walls in prefabricated washroom.,,4,interior-wide,high,camera-serial-metadata|possible-duplicate,unknown,true,true,sha256:18665aae3b61106772e1a17b83efc4ef9fa8e59438b8956ea8acbbdc80c7aa37|sha256:20a6ffb59c16b899491cee02d753b39856c85424b7e5eca6b478ebf2c40b917b|sha256:2507f38c9689dc792a0cb37f96b3aff1b53a4288afdbd1e03d41fd5f571f4837|sha256:57fd19b2696e1561a45000674a09c290be195d50e2a2a3a7d9aed471819756d2|sha256:a77a4b9953fa5fba8399f01038aec8d57e562e09ede4faf429b1990a2637d966,jpeg,5568,3712,8986490,2022-03-30T14:00:29,true
sha256:2507f38c9689dc792a0cb37f96b3aff1b53a4288afdbd1e03d41fd5f571f4837,sanity/gallery/source/prefabricated-buildings/sanitary/others/others-005.jpg,Prefabrik yapı/Prefabrik Wc/DSC_3410.JPG,,prefabricated-buildings,sanitary,others,,Prefabricated toilet stall interior,Inside view of an individual toilet cubicle fitted with mirror and accessories.,,5,interior-detail,high,camera-serial-metadata|possible-duplicate,unknown,true,false,sha256:18665aae3b61106772e1a17b83efc4ef9fa8e59438b8956ea8acbbdc80c7aa37|sha256:20a6ffb59c16b899491cee02d753b39856c85424b7e5eca6b478ebf2c40b917b|sha256:57fd19b2696e1561a45000674a09c290be195d50e2a2a3a7d9aed471819756d2|sha256:a77a4b9953fa5fba8399f01038aec8d57e562e09ede4faf429b1990a2637d966|sha256:bb5d169b7accad95517d2d1eaa1d326a254982c09f4753b86f674b96f7a6f17d,jpeg,5568,3712,8431028,2022-03-30T14:00:39,true
sha256:18665aae3b61106772e1a17b83efc4ef9fa8e59438b8956ea8acbbdc80c7aa37,sanity/gallery/source/prefabricated-buildings/sanitary/others/others-006.jpg,Prefabrik yapı/Prefabrik Wc/DSC_3411.JPG,,prefabricated-buildings,sanitary,others,,Communal urinal installation,Wall-mounted stainless steel and ceramic urinals with sensor flushes in prefabricated facility.,,6,interior-detail,high,camera-serial-metadata|possible-duplicate,unknown,true,false,sha256:20a6ffb59c16b899491cee02d753b39856c85424b7e5eca6b478ebf2c40b917b|sha256:2507f38c9689dc792a0cb37f96b3aff1b53a4288afdbd1e03d41fd5f571f4837|sha256:57fd19b2696e1561a45000674a09c290be195d50e2a2a3a7d9aed471819756d2|sha256:a77a4b9953fa5fba8399f01038aec8d57e562e09ede4faf429b1990a2637d966|sha256:bb5d169b7accad95517d2d1eaa1d326a254982c09f4753b86f674b96f7a6f17d,jpeg,5568,3712,9388808,2022-03-30T14:00:59,true
sha256:57fd19b2696e1561a45000674a09c290be195d50e2a2a3a7d9aed471819756d2,sanity/gallery/source/prefabricated-buildings/sanitary/others/others-007.jpg,Prefabrik yapı/Prefabrik Wc/DSC_3412.JPG,,prefabricated-buildings,sanitary,others,,Prefabricated shower stalls area,Partitioned shower stalls in a communal worker sanitary building.,,7,interior-detail,high,camera-serial-metadata|possible-duplicate,unknown,true,false,sha256:18665aae3b61106772e1a17b83efc4ef9fa8e59438b8956ea8acbbdc80c7aa37|sha256:20a6ffb59c16b899491cee02d753b39856c85424b7e5eca6b478ebf2c40b917b|sha256:2507f38c9689dc792a0cb37f96b3aff1b53a4288afdbd1e03d41fd5f571f4837|sha256:a77a4b9953fa5fba8399f01038aec8d57e562e09ede4faf429b1990a2637d966|sha256:bb5d169b7accad95517d2d1eaa1d326a254982c09f4753b86f674b96f7a6f17d,jpeg,5568,3712,8579628,2022-03-30T14:01:19,true
sha256:20a6ffb59c16b899491cee02d753b39856c85424b7e5eca6b478ebf2c40b917b,sanity/gallery/source/prefabricated-buildings/sanitary/others/others-008.jpg,Prefabrik yapı/Prefabrik Wc/DSC_3413.JPG,,prefabricated-buildings,sanitary,others,,Commercial washroom mirrors and vanity,Commercial vanity counter and mirrors in prefabricated ablution block.,,8,interior-detail,high,camera-serial-metadata|possible-duplicate,unknown,true,false,sha256:18665aae3b61106772e1a17b83efc4ef9fa8e59438b8956ea8acbbdc80c7aa37|sha256:2507f38c9689dc792a0cb37f96b3aff1b53a4288afdbd1e03d41fd5f571f4837|sha256:57fd19b2696e1561a45000674a09c290be195d50e2a2a3a7d9aed471819756d2|sha256:a77a4b9953fa5fba8399f01038aec8d57e562e09ede4faf429b1990a2637d966|sha256:bb5d169b7accad95517d2d1eaa1d326a254982c09f4753b86f674b96f7a6f17d,jpeg,5568,3712,7837970,2022-03-30T14:01:34,true
sha256:475f8a33169a9e8f3152da93dcc3632bd44edf58ec9ca67c83b89f4ad5b50d1f,sanity/gallery/source/prefabricated-buildings/sanitary/others/others-009.jpg,Prefabrik yapı/Prefabrik Wc/DSC_5387.JPG,,prefabricated-buildings,sanitary,others,,Modular WC unit exterior perspective,High resolution exterior view of a standalone prefabricated WC building.,,9,alternate-exterior,high,camera-serial-metadata,unknown,true,true,,jpeg,5568,3712,7489239,2023-06-16T10:54:12,true
sha256:ab585340a8a03ff34161ee0b0c1fa3d0a3d39220b68628696415efb6b5ae3429,sanity/gallery/source/prefabricated-buildings/sanitary/others/others-010.jpg,Prefabrik yapı/Prefabrik Wc/WhatsApp Image 2022-06-16 at 13.08.11.jpeg,,prefabricated-buildings,sanitary,others,,Prefabricated ablution block on site,Prefabricated ablution block installed at event grounds.,,10,alternate-exterior,high,,unknown,true,true,,jpeg,2000,1500,242205,,false
sha256:d65a09fe0d61f38962185307be393cabcceac3411a96ee70b589ae76b1629a3f,sanity/gallery/source/prefabricated-buildings/sports-social/artspor/artspor-001.jpg,Prefabrik yapı/Prefabrik Otel/Prefabrik_Spor_Tesisi_Artspor_1.JPG,,prefabricated-buildings,sports-social,artspor,,Artspor prefabricated sports facility building,Exterior view of the prefabricated sports club and locker room building for Artspor.,,1,hero,high,possible-duplicate,unknown,true,true,sha256:204586c41310aa687b86aaef116f080e009b665f6dec976fca8780d06b0d0980,jpeg,4288,2848,4322345,2018-05-15T09:28:46,true
sha256:204586c41310aa687b86aaef116f080e009b665f6dec976fca8780d06b0d0980,sanity/gallery/source/prefabricated-buildings/sports-social/artspor/artspor-002.jpg,Prefabrik yapı/Prefabrik Otel/Prefabrik_Spor_Tesisi_Artspor_4.JPG,,prefabricated-buildings,sports-social,artspor,,Artspor sports building entrance facade,Entrance facade of the Artspor prefabricated sports facility.,,2,alternate-exterior,high,possible-duplicate,unknown,true,true,sha256:d65a09fe0d61f38962185307be393cabcceac3411a96ee70b589ae76b1629a3f,jpeg,4288,2848,4358363,2018-05-15T09:30:51,true
sha256:51a404c2b3309e7198814115b44fe5b9f847dc67d914105da8f84621b5d1e1c1,sanity/gallery/source/prefabricated-buildings/sports-social/mahmutbey-sosyal-tesis/mahmutbey-sosyal-tesis-001.jpg,Prefabrik yapı/Prefabrik Yatakhane/Sosyal_Tesis_Prefabrik_Mahmutbey_1.JPG,,prefabricated-buildings,sports-social,mahmutbey-sosyal-tesis,,Mahmutbey prefabricated community social facility,Exterior facade of the prefabricated community social and recreational building in Mahmutbey.,,1,hero,high,,unknown,true,true,,jpeg,4288,2848,4841919,2017-04-01T13:02:32,true
sha256:556f75149973e55e828dd000ba41bc29c964e155d9b52ca20a7c7fd2815098ed,sanity/gallery/source/prefabricated-houses/residential/others/others-001.jpg,Prefabrik Ev/1.jpg,,prefabricated-houses,residential,others,,Prefabricated family house,Exterior shot of a two-storey prefabricated residential house with garden.,,1,hero,high,,unknown,true,true,,jpeg,1200,800,879387,,true
sha256:54b7701009a4c983740ade0d7c247b33533c6c5123f74e4f7a52587d1af68ab5,sanity/gallery/source/prefabricated-houses/residential/others/others-002.jpg,Prefabrik Ev/2.jpg,,prefabricated-houses,residential,others,,Single-storey prefabricated bungalow,Prefabricated single-storey house with pitched roof and front veranda.,,2,alternate-exterior,high,,unknown,true,true,,jpeg,1200,800,1009967,,true
sha256:f2fe5cce8688df93d93c97783405de946318d757a946ae47ee16739168f53c30,sanity/gallery/source/prefabricated-houses/residential/others/others-003.jpg,Prefabrik Ev/3.jpg,,prefabricated-houses,residential,others,,Two-storey prefabricated villa,Two-storey modular prefabricated residential home with balcony.,,3,alternate-exterior,high,,unknown,true,true,,jpeg,5568,3712,9361286,,true
sha256:63ad3a00e68e63d37280061d51534f4d39ed0ed5993bda0216088761f5e6d706,sanity/gallery/source/prefabricated-houses/residential/others/others-004.jpg,Prefabrik Ev/4.JPG,,prefabricated-houses,residential,others,,Modern prefabricated home exterior,Front angle view of a contemporary prefabricated home in daylight.,,4,alternate-exterior,high,camera-serial-metadata|possible-duplicate,unknown,true,true,sha256:80417c45abe4a920b4ff16b332f523ed2bfa27546933f0729d22d7141ea31d71,jpeg,1920,1080,1486654,2020-06-16T15:28:49,true
sha256:80417c45abe4a920b4ff16b332f523ed2bfa27546933f0729d22d7141ea31d71,sanity/gallery/source/prefabricated-houses/residential/others/others-005.jpg,Prefabrik Ev/5.JPG,,prefabricated-houses,residential,others,,Prefabricated home angle view,Alternative angle exterior view of the contemporary prefabricated house.,,5,alternate-exterior,high,camera-serial-metadata|possible-duplicate,unknown,true,true,sha256:63ad3a00e68e63d37280061d51534f4d39ed0ed5993bda0216088761f5e6d706,jpeg,1920,1080,1454870,2020-06-16T15:28:05,true
sha256:534b636481e0f1672477cbaf352765a2788d343788c908d3db3585ca7d316ba3,sanity/gallery/source/prefabricated-houses/residential/others/others-006.jpg,Prefabrik Ev/6.jpg,,prefabricated-houses,residential,others,,Modular residential home,Detached single-storey prefabricated residential house.,,6,alternate-exterior,high,,unknown,true,true,,jpeg,1200,800,940892,,true
sha256:8bb1b255e45dddcaf5f1c9a32130f2894d290206580b2db85971853aaaa1417f,sanity/gallery/source/prefabricated-houses/residential/others/others-007.jpg,Prefabrik Ev/7.jpg,,prefabricated-houses,residential,others,,Prefabricated duplex house,Two-storey prefabricated duplex house exterior with cream siding.,,7,alternate-exterior,high,,unknown,true,true,,jpeg,1200,800,130337,,true
sha256:c78621e1d538c988edeb10d2d1a661d6f0753adf60278d33a94c82fa5f421fb6,sanity/gallery/source/prefabricated-houses/residential/others/others-008.jpg,Prefabrik Ev/8.jpg,,prefabricated-houses,residential,others,,Prefabricated cottage exterior,Compact single-storey prefabricated house suitable for countryside living.,,8,alternate-exterior,high,,unknown,true,true,,jpeg,1200,800,127551,,true
sha256:b4ef12c511251d9498aca971e14816830d4e82263b31892005320d1062fd0a64,sanity/gallery/source/prefabricated-houses/residential/others/others-009.jpg,Prefabrik Ev/9.jpg,,prefabricated-houses,residential,others,,Modern prefab home with porch,Single-storey prefabricated home featuring an integrated front porch.,,9,alternate-exterior,high,,unknown,true,true,,jpeg,1200,800,142548,,true
sha256:e03f64f770ddb2680425615b4edb8f4142c3f3ad5202b52db96a371820eceee6,sanity/gallery/source/prefabricated-houses/residential/others/others-010.jpg,Prefabrik Ev/10.jpg,,prefabricated-houses,residential,others,,Prefabricated residential villa,Exterior facade of a modern prefabricated family residence.,,10,alternate-exterior,high,,unknown,true,true,,jpeg,1200,800,107406,,true
sha256:6c9be4d4975601b5c9cf12587da70f70d80f458f00c973b463aa9a26427dc1b0,sanity/gallery/source/prefabricated-houses/residential/others/others-011.jpg,Prefabrik Ev/11.jpg,,prefabricated-houses,residential,others,,Prefabricated home living room,Interior living room space with wooden flooring inside a prefabricated house.,,11,interior-wide,high,,unknown,true,true,,jpeg,1200,800,139018,,true
sha256:3ae53be1f903ea7e675cc4174fd43386fb78830a7fbc5b80f67bddb5d0f99a39,sanity/gallery/source/prefabricated-houses/residential/others/others-012.jpg,Prefabrik Ev/13.JPG,,prefabricated-houses,residential,others,,Modular house interior living area,Spacious interior salon inside a completed prefabricated residence.,,12,interior-wide,high,,unknown,true,true,,jpeg,1200,800,129491,,true
sha256:2b15288fbdfc1b03aaf39f4968f6d5c7272e36731ecbe1c295218dbb89e23fc6,sanity/gallery/source/prefabricated-houses/residential/others/others-013.jpg,Prefabrik Ev/14.JPG,,prefabricated-houses,residential,others,,Fitted kitchen in prefabricated house,Fitted kitchen area with countertop and cabinets in a prefabricated house.,,13,interior-detail,high,,unknown,true,false,,jpeg,1200,800,162296,,true
sha256:f856c0a8971f2b1329f5c56182384e8899aed4467edeb4e592cb1f2a5945d477,sanity/gallery/source/prefabricated-houses/residential/others/others-014.jpg,Prefabrik Ev/15.jpg,,prefabricated-houses,residential,others,,Prefabricated house bedroom,Finished bedroom interior with window and laminate floor in a prefab home.,,14,interior-detail,high,,unknown,true,false,,jpeg,1200,800,95670,,true
sha256:d60bdb354c490fe2619b462a37ccd7fac594dd505c0a326e305721887f2ddda8,sanity/gallery/source/prefabricated-houses/residential/others/others-015.jpg,Prefabrik Ev/16.jpg,,prefabricated-houses,residential,others,,Prefabricated home bathroom,Modern bathroom interior with shower stall and washbasin in a prefab home.,,15,interior-detail,high,,unknown,true,false,,jpeg,1200,800,90992,,true
sha256:696a9ad6d2025fd8eddbc01c6b825a3316342087d566abf7746480e974e3bd6c,sanity/gallery/source/prefabricated-houses/residential/others/others-016.jpg,Prefabrik Ev/18.jpg,,prefabricated-houses,residential,others,,Two-storey prefab house exterior,Side exterior perspective of a two-storey prefabricated house.,,16,alternate-exterior,high,,unknown,true,true,,jpeg,1200,800,101708,,true
sha256:d2604db7b750dd4a825a71cb930a31317bc4cd1f8371d4592ed729b82e4a482d,sanity/gallery/source/prefabricated-houses/residential/others/others-017.jpg,Prefabrik Ev/19.jpg,,prefabricated-houses,residential,others,,Single-family prefabricated home,Completed single-family prefabricated residence on a prepared foundation.,,17,alternate-exterior,high,,unknown,true,true,,jpeg,1200,800,261185,,true
sha256:9bd7fa3a8b69ec95d7a0700822c7496bf7ce82aed8c919b2905575b3d1d0c4f8,sanity/gallery/source/prefabricated-houses/residential/others/others-018.jpg,Prefabrik Ev/c5acd9d4-fa17-4378-a9f9-7f148b316a48.jpg,,prefabricated-houses,residential,others,,Modular residential building exterior,Exterior perspective of a modular prefabricated residential building.,,18,alternate-exterior,medium,,unknown,true,true,,jpeg,1440,953,132215,,false
sha256:7911e9eaa7c9663ca17c52b71cd48b27cbfb8251080b8e19da9fda94d0efbb72,sanity/gallery/source/prefabricated-houses/residential/others/others-019.jpg,Prefabrik Ev/DSC_5760.JPG,,prefabricated-houses,residential,others,,Detailed facade of prefabricated house,Detailed high-resolution photograph of the front facade of a prefabricated house.,,19,alternate-exterior,high,camera-serial-metadata,unknown,true,true,,jpeg,5568,3712,11594091,2024-05-02T13:18:36,true
sha256:2786eadd0f91cdbe49251a9bfd496522d5bff59e7772ecd01cbd4b0aa266e8d9,sanity/gallery/source/prefabricated-houses/residential/others/others-020.jpg,Prefabrik Ev/DSC_5986.JPG,,prefabricated-houses,residential,others,,Prefabricated house garden view,Exterior shot of a prefabricated home surrounded by green landscape.,,20,alternate-exterior,high,camera-serial-metadata,unknown,true,true,,jpeg,5568,3712,10819572,2024-07-27T10:32:17,true
sha256:523575827af4f7d1330fb6dfac226b338881cb0f96da048a9c89ca0502e1b28a,sanity/gallery/source/prefabricated-houses/residential/others/others-021.jpg,Prefabrik Ev/DSC_6113.JPG,,prefabricated-houses,residential,others,,Prefabricated residence corner view,Corner perspective of a finished prefabricated residential building.,,21,alternate-exterior,high,camera-serial-metadata,unknown,true,true,,jpeg,5568,3712,10105399,2024-07-27T12:45:14,true
sha256:730430d682a1a6bf1feb9527855c296bb29ff9431a9da05cd02090a3a3d50205,sanity/gallery/source/prefabricated-houses/residential/others/others-022.jpg,Prefabrik Ev/DSC_6313.JPG,,prefabricated-houses,residential,others,,Contemporary prefabricated villa facade,High-resolution exterior view of a contemporary modular residential villa.,,22,alternate-exterior,high,camera-serial-metadata,unknown,true,true,,jpeg,5568,3712,12330209,2024-08-03T10:02:16,true
sha256:395ce603f7fc7607b100880c6660aad263b6ea4b8e824c3d0fc206c5eaef2386,sanity/gallery/source/steel-houses/residential/others/others-001.jpg,Çelik Ev/2.jpg,,steel-houses,residential,others,,Light steel villa exterior,Modern two-storey light steel frame residential villa with grey and wood exterior accents.,,1,hero,high,,unknown,true,true,,jpeg,1200,800,83563,,true
sha256:d29167181eb4179915046705e3e975aeda4c365f14d7a16ae9462deeb75e166b,sanity/gallery/source/steel-houses/residential/others/others-002.jpg,Çelik Ev/4.jpg,,steel-houses,residential,others,,Light steel residential home,Front facade of a single-storey light gauge steel frame house.,,2,alternate-exterior,high,,unknown,true,true,,jpeg,1200,800,85828,,true
sha256:c86699ba04df258c550aa3667835fe08fe1767369a3ebfe4c8bd4b45b82611f8,sanity/gallery/source/steel-houses/residential/others/others-003.jpg,Çelik Ev/5.jpg,,steel-houses,residential,others,,Contemporary steel frame residence,Exterior view of a contemporary steel framed home with large windows.,,3,alternate-exterior,high,,unknown,true,true,,jpeg,1200,800,94683,,true
sha256:8f997c9e491ec9dc5794037ff4baf5e75b685fbe5ff20f93276a840fd2795b2e,sanity/gallery/source/steel-houses/residential/others/others-004.jpg,Çelik Ev/9.jpg,,steel-houses,residential,others,,Two-storey steel frame villa,Exterior shot of a two-storey light steel residential building.,,4,alternate-exterior,high,,unknown,true,true,,jpeg,1200,800,99930,,true
sha256:93a7314ca8c7a62b61c81b832d635ea3c63b79997668594eb796918820c54f7e,sanity/gallery/source/steel-houses/residential/others/others-005.jpg,Çelik Ev/10.JPG,,steel-houses,residential,others,,Steel structure residential house,Finished exterior of a two-storey steel structured residential building with balcony.,,5,alternate-exterior,high,,unknown,true,true,,jpeg,1200,800,165738,,true
sha256:59e2bf77782753c05dcf042304df999717bbca75c6f08101325302cd8835e30b,sanity/gallery/source/steel-houses/residential/others/others-006.jpg,Çelik Ev/11.JPG,,steel-houses,residential,others,,Light steel home living area,Spacious open-plan living room interior inside a steel framed house.,,6,interior-wide,high,,unknown,true,true,,jpeg,1200,800,113611,,true
sha256:be38b66b691850a5c745cc65893c068e6920d29ea287291741f2f5559b40457a,sanity/gallery/source/steel-houses/residential/others/others-007.jpg,Çelik Ev/12.jpg,,steel-houses,residential,others,,Steel house modern kitchen and dining,Interior view of modern kitchen cabinets and dining space in a steel frame home.,,7,interior-wide,high,,unknown,true,true,,jpeg,1200,800,77207,,true
sha256:de278e4f9a73f2a72573648ba702c2eb710e3543fe5a0acf774ed8aa7d4c7c87,sanity/gallery/source/steel-houses/residential/others/others-008.jpg,Çelik Ev/13.jpg,,steel-houses,residential,others,,Steel frame home bedroom interior,Finished bedroom interior with laminate flooring in a steel residential house.,,8,interior-detail,high,,unknown,true,false,,jpeg,1200,800,91187,,true
sha256:10fbbaaba918b26b38939ad849b1b2ba78269c5665567ba3aeb7380a49c388b3,sanity/gallery/source/steel-houses/residential/others/others-009.jpg,Çelik Ev/14.jpg,,steel-houses,residential,others,,Bathroom interior in steel frame house,Fitted bathroom with tiled walls and fixtures in a residential steel home.,,9,interior-detail,high,,unknown,true,false,,jpeg,1200,800,183773,,true
sha256:0c12f49fa9bf8e03d5aa31915768f8e532f2283aff246178c3ae956feb260137,sanity/gallery/source/steel-houses/residential/others/others-010.jpg,Çelik Ev/DSC_5816.JPG,,steel-houses,residential,others,,Light steel house front facade,High-resolution photograph of a light steel home with entrance porch.,,10,alternate-exterior,high,camera-serial-metadata,unknown,true,true,,jpeg,5568,3712,10162557,2024-05-02T16:11:10,true
sha256:fa08dc6183180d651206cb8cafa891d80f9dbe175fbcb90ab24ed36fa413bcb0,sanity/gallery/source/steel-houses/residential/others/others-011.jpg,Çelik Ev/DSC_5937.JPG,,steel-houses,residential,others,,Steel frame residential building angle view,Angle exterior view of a completed steel frame residential building.,,11,alternate-exterior,high,camera-serial-metadata,unknown,true,true,,jpeg,5568,3712,11657131,2024-05-02T18:38:03,true
sha256:d95d2346ff1b5bbf2f2d28343f8754e7fa2ec800c0e360501ad7bf09913abe6d,sanity/gallery/source/steel-houses/residential/others/others-012.jpg,Çelik Ev/WhatsApp Image 2024-07-04 at 12.11.28 (1).jpeg,,steel-houses,residential,others,,Steel residential home panoramic view,Wide panoramic exterior view of a modern single-storey steel frame residence.,,12,alternate-exterior,medium,nonstandard-aspect,unknown,true,false,,jpeg,2000,900,331818,,false
